County,FIP_code,Normal,1895,1896,1897,1898,1899,1900,1901,1902,1903,1904,1905,1906,1907,1908,1909,1910,1911,1912,1913,1914,1915,1916,1917,1918,1919,1920,1921,1922,1923,1924,1925,1926,1927,1928,1929,1930,1931,1932,1933,1934,1935,1936,1937,1938,1939,1940,1941,1942,1943,1944,1945,1946,1947,1948,1949,1950,1951,1952,1953,1954,1955,1956,1957,1958,1959,1960,1961,1962,1963,1964,1965,1966,1967,1968,1969,1970,1971,1972,1973,1974,1975,1976,1977,1978,1979,1980,1981,1982,1983,1984,1985,1986,1987,1988,1989,1990,1991,1992,1993,1994,1995,1996,1997,1998,1999,2000,2001,2002,2003,2004,2005,2006,2007,2008,2009,2010,2011,2012,2013,2014,2015,2016,2017,2018,2019,2020,2021
Allen ,20001,42.2,41,33.5,28.4,49.5,35,39.1,25,49.8,42.5,45.3,37.4,36.8,38,46.7,36.6,29.8,37.2,37.9,30.5,34.2,56,38.9,24.8,33.8,30.8,38.1,38.1,43.9,38.9,40.4,34.6,41.4,56,44.5,37.1,32.7,34.8,28.7,33.6,33.4,48.4,22,33.2,38.1,26,35.6,53,45.7,44,51.7,46.2,30.4,40.1,44.2,39.4,33.1,55.8,23.5,28.6,31.5,32.3,26,40.7,42,36.5,37.3,55.3,34.4,20.2,37.4,36.3,26,46.4,38.7,49.4,38.8,40.6,35.9,61.7,45.8,39.1,29.5,46.5,30.6,44.2,24.3,41.1,42.4,40.3,42.5,56.5,50.3,48.3,35.1,37,46.5,31,57.3,48.9,45.8,37.7,35.9,45.2,51.3,39.9,30.9,41.9,33.5,35.9,46.4,38.4,30,47.9,51,53.3,43.3,32,30.2,49.4,34.2,45.6,44.6,43.2,46,61.1,36.2,53.6
Anderson ,20003,41.1,40.5,34.2,27.2,49.4,32.4,40.3,24.2,48.8,43.5,44.6,38.3,34.6,38,45.2,40.5,30,31.6,36.5,30.2,34.2,57.3,39.2,24.7,31,29.4,36.1,38.3,40,37.1,36.3,34,40.5,53.2,47.1,37.8,30.7,37.6,30.5,34.1,33.3,46.3,21.1,31.4,40.7,24.4,38.5,53.9,47.3,42.7,50.5,47.3,37.8,42.7,41.9,42.2,36.1,59.8,26.9,29.2,32.6,34.2,28.6,41.2,44,34.2,39.4,54.4,36.6,23.7,42.2,39.5,26.6,47.7,41.9,48.8,43.1,40.2,34.3,60.9,43.1,37.1,26,46.1,29.9,40.3,26.4,44.3,40.2,39.6,41,54.5,44.9,48.9,32.1,38.9,40.7,27.4,50.2,50.7,42,34.4,39.7,43.9,56.5,41.4,25.9,39.5,32.9,33.3,45.6,39.6,29.6,47.6,48.1,50.7,44,34.7,29.2,42.1,34.8,42.4,38.6,36.7,42.9,54.5,34.5,50.2
Atchison ,20005,36.8,31,37.4,29.9,42.4,33.5,40.3,23.5,41.1,40.4,41,39.9,27.9,31.5,39.8,44.3,29.7,32.4,28.2,29.8,31.5,43.7,30.5,26.6,31.1,32.1,32.5,31.8,34.3,29.3,31.9,39.6,30.7,39.5,37.5,37.1,33,43.4,30.4,26.7,24.9,34.6,27.9,22.6,30.9,27.7,29.2,41.9,36,30.1,42.3,40.6,30.4,37.2,34.7,44.2,33.4,55.9,27.3,23,36.8,29.7,21.8,39.2,45.3,38.9,29.5,49.3,35.1,24.9,34.4,43.6,24.4,42.3,34.7,34.7,35.2,27.2,38.8,59.4,28.1,34.7,22.9,49.8,36.4,38.5,31.2,35.4,43.5,33.8,36.6,46.7,49,39.8,18,31.2,35.9,30.6,45.4,49.4,28,42.2,41.9,31.9,45.1,34.9,28.1,47.3,25.1,26.2,33.9,39.9,32.1,39.3,38,40.5,39.8,37.1,23.3,33.7,35.8,41.6,38.9,34,33.8,46.5,38.4,34.5
Barber ,20007,28.6,23,23.1,23.2,32,27.3,23.7,18,29.3,22.7,27.5,26.6,31.7,27.9,28.8,25.4,13.4,29.7,24.8,23.1,18,35.9,20.7,19.4,28.9,22.4,27.8,22.5,30.4,36.2,24,22.3,24.4,26.1,30.5,26.9,20.9,26.1,25.4,16.2,22,24.9,18.5,19.6,29,17,23.6,34.2,27.2,18.7,31.8,27.5,23.4,27.3,30.5,35.7,20.1,36.5,18.3,16.9,12.4,24,13,40.3,27.8,30.5,27.2,30,25.2,21.5,22.9,28.2,14.1,23.6,27,28.1,20.1,26.5,25.1,36.1,28.3,23.6,20.9,29,22.6,28.9,23.6,27.9,26.9,28.4,28.4,33.5,29.8,35.6,19.1,31.3,22.2,23.6,30.8,32.3,22,31.6,33.2,35,27.1,31.2,35,21.1,30.4,26.9,29.7,27.1,24.1,33.7,30.7,26,28.3,17.2,19.2,29.1,24.3,35.7,29.1,27.1,38.6,33.7,27.8,23.1
Barton ,20009,26.1,23.4,28.2,25.2,30.5,22.9,26.3,22.1,33.2,30.8,27.4,24.9,28,25.2,25.9,30.1,14.3,20.1,23,20.5,18.3,39.8,19.3,17.6,26.5,22.3,25.3,20.5,27.4,28.3,21.9,23.3,23.6,28.9,31.8,26.3,26.9,18.8,21.7,17.3,17,21,15.3,18.5,24.2,17.7,23.5,33.3,31.1,19.5,34.6,23.5,20.1,20.7,27.9,24.5,27.2,31.8,17.4,21.4,16.3,22.8,13.2,36.8,31.4,26.1,25.9,28.6,28.4,19.8,21.1,31.1,18.9,27.8,21.7,30.6,21.3,28.8,25.5,41.7,19,24.3,21.6,30,22.4,23.6,18.7,33.4,22.9,21.7,24.3,29.2,24.9,30.4,13.7,21.6,28,18.5,32.8,37,17.6,25.3,30.1,26.9,28.6,26.8,28.2,27.4,19.7,21.1,27.6,24.8,27.1,37.8,32.7,24.9,26,19.5,15.4,32.6,27.3,24.9,26.4,24,31,31.7,24.6,26
Bourbon ,20011,43.7,46.2,37,33.4,50.4,35.5,37.6,23.9,49,44.6,45.7,45.1,35.5,39,48.1,34.7,34,42.8,38.6,33.3,36.3,55.1,37.8,25.8,32.8,35.2,39.8,40.3,42.6,41.7,45.2,34.7,41,57.8,43.1,38.5,31.4,33,29.5,37.1,34.9,50.1,25.9,34,39.3,26.7,34.7,52.7,45.6,43.8,53.6,45.1,31.7,38.6,43.1,41.9,34.4,56.9,27,29.1,33,38,27.7,40.4,45.5,36.5,36.6,55.2,32.9,22.3,40.2,39.6,27.2,46.6,38.8,44.7,36.9,40.9,36.1,58.4,47.4,39.2,27.6,48.1,33.2,45.7,24.4,43,42.6,45.4,42.1,56.3,55.9,48.1,39.6,37.6,45.7,31.3,55.5,49.2,50.1,41.8,40.2,46,57.9,44.1,32.5,39.6,34.3,38.6,44.7,36.3,30.7,48.2,53.2,54.4,44.5,32,30.6,54.4,33,49,38.3,44.3,40.5,60.5,40,48.1
Brown ,20013,35.1,27.2,38.4,28.4,37,34.5,42.3,23.4,42.9,39,37.5,38.2,28.1,33.4,38.9,41.3,26.7,31.2,26.6,28.3,30.1,45.3,31.4,26.3,29.1,34.8,29.7,29.4,30.9,27.9,27.9,39.5,31,39.4,38.6,37.3,30.8,40.1,29.9,25.6,24.3,35.2,27.5,23.1,31,26.7,26.3,38,34.7,30.4,42.2,38,31.2,36.6,36.8,42.4,33,56.2,30.9,22.1,39.5,28.2,21,37.7,42.4,41.9,32.5,47.6,33.8,26.9,35.7,45.4,24.2,39,35.7,32.2,35.4,26.7,36.9,60.4,25.9,35.8,24.1,48.5,38.6,38.8,27.9,33,39.7,32,38.2,41.1,45.7,39.5,18.4,27.8,34.4,28.9,44.2,52.5,27,40.6,38.8,31.4,42.9,32.6,29,43.3,23.8,25.9,28.9,35.1,29.5,41.7,36.3,39.1,37.6,35.8,24.8,34.9,31.7,42.5,40.3,29.8,34.9,45.6,33.7,34.2
Butler ,20015,36.3,28.8,30.1,23.1,36.7,31.5,35.7,24.6,40.6,35.8,39.4,32.7,34.6,32.2,41.2,34,22.9,33.4,30.6,24.6,24.2,45.6,32.3,19.4,33.5,24,33.2,26.5,40.1,36.1,28.6,25.8,35.8,43.2,40.4,31.1,30.3,32.2,26.3,22.2,29.4,36.3,19.7,29.2,34.2,22.8,34.1,38.8,42.5,30.3,44.2,38.8,25.3,31.3,34,36.3,30.4,50,21.5,23.4,19,24.6,16.9,42,36,39.9,35.8,49.4,32.2,24.9,37.3,42.7,17.9,37.9,37,41.7,29.3,33.3,29.1,45.6,35.8,30.5,28.6,42.5,26.1,38.5,21.6,35.8,33.2,33,36.6,44.8,43.5,39.3,24.5,35.8,28.9,27.1,40.6,37.4,30.7,41.3,31.4,39,41.5,43.1,34,31.2,35,37.7,43.1,39.3,26.4,44.6,49.8,41.3,33.1,27,25.4,42.5,27.4,39,43.7,34.7,39.5,51.3,34.6,36.6
Chase ,20017,35.9,32.5,34.5,24.2,39.4,30.5,36.9,24.7,45.5,39.2,38.4,31.9,32.4,30.3,40.4,35.6,25,28.2,28.2,25.4,27,40.5,32.4,23,31.9,23.8,27.8,24.3,34.1,32.2,27,28.4,32.1,34.9,39,33.7,27.2,30.6,29.2,22,23.9,35.1,17.6,26.8,37,21,30,44.9,36.1,29.4,45.5,37.2,29.8,31,34.5,35.7,32.6,54.1,22.2,19.6,21.6,24.6,19.6,39.7,36.5,38,35.5,43.4,36.8,23.2,34.6,40.4,19.2,39.8,33.4,39.2,31.4,37.4,28.6,48.7,33,29.8,22.7,39.1,23.4,36,22.2,41.3,31.4,33.1,34.9,48.7,39.3,37.8,22.2,34,31.9,26.5,45.1,41.1,27.2,37.8,35.4,39.8,45.6,40.5,28.1,33.1,31.3,34.5,40.4,41.6,25,39.2,45,40.9,37.6,28.8,23.5,40,29.2,38.1,42,32.9,36.3,47.8,33.4,34.9
Chautauqua ,20019,40.1,29.9,29.3,28.5,42.3,38.8,34.3,26.6,45.5,37,40.7,36.5,34.2,37.2,50.9,34.1,20.3,33.9,33.2,30.3,27.1,51.8,34.5,22.1,36.9,35.1,38.7,30.3,45.8,37.6,38.4,30.9,42,50.7,42.6,39.8,40,35.7,27.2,34.4,32.1,40.5,27.5,34.5,37.5,26.2,35.8,43.9,40.4,34.5,46.9,42.2,28.7,34,41.2,40.3,38.9,47,23.5,29.7,28.1,29.5,22.1,45.9,35.4,44.4,32.4,54.1,26.3,21.9,34.1,35.3,23.7,36.9,36.6,39.4,29.3,37.9,34.4,48.2,47,34.8,31.7,43.6,31,36.5,24.6,31.9,35,33.8,40.1,52,57.6,47,33.3,42.9,36.2,31.9,41.2,42.4,40,40.4,31.7,42.9,45.9,49.4,35.6,26.9,36.8,43.7,44,37.2,29.4,56,53.6,44.4,34.8,32.7,28.3,48.8,29.6,40.8,40,41.8,39.6,50.7,42,34.8
Cherokee ,20021,44.3,51.6,42.6,32.5,52.1,40.8,42.4,30.1,52.2,44,41.3,54.2,37,40.2,51.9,37.9,32.5,41.8,41.5,34.5,31.8,50.4,40.6,29.4,38.8,37.7,41.4,35.4,45.1,45,46.2,34,49.2,56,49.4,46,40.3,36,36,37.6,32.6,50,30.8,35.4,39.2,32.9,35.8,55.7,46.2,45.3,45.5,52.8,34.5,36.4,46.4,48.3,38.4,52.8,25,26.6,33.4,35.8,28.9,44.8,47.1,45.6,35.6,51.1,36.6,20.2,43.6,39.5,31.6,43.1,43.8,40.3,39.9,41.1,39.9,56.9,49.2,40.7,37.4,50.6,34.9,40.9,28.2,39.6,38.3,45.9,39.6,63.2,48.8,48.8,39.8,34.9,50.9,31.9,53.2,58.3,46.2,39.4,41.9,44.6,49.5,52.7,40,42.6,35.4,40.4,44.4,34,32.1,55,58,55,39.8,40.3,37.7,49.4,35.7,55.9,41.3,51.3,38.6,65.8,48.6,46.1
Cheyenne ,20023,19.3,17.5,16.1,19.2,19.9,13.3,16.9,22.5,23.2,15.8,20.1,24,18,14.8,21.2,20.2,12.5,14.2,26.2,14.2,16.5,30.7,13.8,16.5,21.2,19.2,22.5,15.5,18.5,29.6,18.3,17.1,16.1,18.8,25.2,20.4,24.7,12.7,18.2,22.6,11.3,17.9,14.8,15.3,17.3,14.8,15,26.7,24.7,13.7,24.1,18.6,23.5,17.9,21.5,27.4,13.6,24.2,13.3,14,10.4,10.7,13.3,21.8,23.3,15.2,17.7,19.8,22.9,18.5,13.2,26.3,16.1,15.3,14.4,18.3,14.3,17.3,19.3,23.9,15.9,17.9,11,18.5,14.1,22.1,21.7,25.7,21.1,18.1,19.4,18.2,15.8,20.7,19.3,15.7,20.5,24.8,21.2,22.2,17,21.3,20.9,17.4,18.7,19.5,16.6,17.1,11,14,19.9,21.3,18,17.9,18.8,24.9,18.2,21.9,12.8,14.6,19.6,21,20,20.5,22.1,18.9,12.5,15.4
Clark ,20025,23.1,19.6,17.4,22.4,25,21.5,22.1,16,27.3,19.7,23.4,26.8,31.2,23.9,24.7,24.3,14.6,27.1,21.3,22.5,20.3,31.2,17.3,17.3,23.5,17.9,26.3,18.9,22.2,27.3,21.3,22.3,20.1,21.5,30.9,22.5,17.5,20.9,20,14.3,14.4,19.4,16.9,15.3,21.2,16,23.1,34,26.6,14.9,27.5,20.5,20.7,21.9,23.4,37.5,19.2,31.1,16.6,17.6,11,19,11.5,30.2,25.4,24.4,23.6,25.4,26.1,20.2,18.3,27.4,12.3,17,22.7,24.6,15.4,24.7,23,32.9,22,18.2,18.3,22.8,20.6,26.1,21.2,23.7,19.2,23.4,23.1,26.3,24,28.4,17.8,27.2,19,17,24,23,18.6,22.7,32.6,29.8,22.3,25.5,26.6,19.4,20.1,17.4,24,26,20.7,27.9,22.8,20.2,21.2,12.9,14,22.4,22.8,32.1,24.2,22,28.8,27.6,22.7,18.4
Clay ,20027,31.2,27.8,43.7,27.3,26.9,28.7,28.9,21.9,43.6,38.2,32.6,31.8,26.1,24.9,36.1,34.4,28.1,24.4,24.1,23.8,20.6,44.4,24.4,19.7,28.1,27.6,23.9,22.4,29.5,31.4,22.2,28.9,26.3,36.4,35.8,31.6,26.4,27.1,29.1,19.9,17.6,32.5,19.2,21.7,28.1,25.2,23.4,37.6,34.3,30.1,43.1,40.8,31.1,26,31.3,27.9,33.8,54.2,24,25.7,25.6,21.3,17.9,33.5,36.4,31.3,31.1,38.3,30.5,24.5,31.1,34.4,17,38.7,32.1,30.6,30.6,32.9,32.2,48.2,21.3,29.2,25.5,39.9,29.1,36.7,23.9,33.6,34.2,28.6,32.1,33.2,42.3,32.8,17.6,24.9,31.1,25.3,38.2,49.2,25.3,35.7,34.1,31.7,38.8,30.6,22.4,31.9,20.2,25.4,29.9,31.3,26.3,37,32.6,33.1,33.3,30.6,22.1,32.3,27.8,36.1,35.8,30.9,35.9,42.8,29.4,23.7
Cloud ,20029,29.2,22.8,36.9,28.2,22.4,27.4,25.9,19.3,37.3,36.6,31.5,32.2,23.4,24,38.6,33.2,24.1,24.8,24.8,24,18.6,39.6,20.7,17,27.3,28.1,24.9,19.9,25,31.4,18.8,23.6,23.1,33.1,32.2,28.8,25.8,26.3,27.6,19.5,16.1,31,17.4,20.1,28.3,21.8,21.4,34.2,30.7,26.6,38.5,32.3,32.8,24.4,28.3,28.1,32.2,47.5,22.6,24.3,22.4,20.1,14.9,32.3,32.7,28.7,29,35.7,28.5,24.3,26.4,32,17.4,36.8,30,29,27.8,32.6,32.7,47,17.3,27.3,20.6,36.8,29.2,31.3,21.1,34.8,35.1,26.8,29.7,29.1,38.6,33.9,15.9,24.8,27.6,23.2,40.3,47.3,21.7,30.3,30,27.7,34.3,26.6,20.6,30.6,18.9,25.6,27.3,29.4,26.7,34.1,33,28.4,33.2,30.3,22.8,29.7,27.5,31.6,33.8,30.9,35,37.3,28.6,22.9
Coffey ,20031,39.4,36.9,34.7,25.2,47.4,31.3,40.9,23.6,50.1,43.9,41,35.7,33.2,33.9,43.9,39.4,29.1,29.2,32.5,28.9,33.7,55.8,38,23.4,30.2,27.2,33.9,31.6,38.6,35.4,33.1,30.7,38.8,47.2,42.9,33.9,27.6,35,30.2,29.6,30.7,42.6,20.2,32.4,40.1,22.6,34.4,54,46.9,37.4,46.8,48,32.7,41.3,40.1,39.9,36.2,57.1,22.3,26.3,27.3,31.1,26.3,40.6,45.7,37.2,37.7,51.1,36.6,23.9,37.8,39.5,24.7,45.7,40.5,48.5,36.8,37.7,32.3,55.8,36.2,34.8,26.1,45.6,27.3,40,25.5,39.8,42.7,39.1,37.4,53.2,42.8,44,29,36.2,39.8,26.8,49.4,47.4,35,32.7,33.3,40.3,53.2,39.9,26.2,37,32.2,34.1,43.5,44,27.8,46.3,49.8,52,41.2,30.6,24.4,36.9,32.8,43.4,40.9,35.8,41,54.8,30.9,44.3
Comanche ,20033,25.5,22.5,20.3,22.4,28.6,24.4,22.9,17,29.1,21.1,25.6,26.5,31.1,23.7,24.4,24.3,13.5,27.5,22.4,23.4,18.5,32.9,19.1,19.8,25.3,19,26.6,21.5,26.3,31.4,24,22,22.8,22.1,30.6,24.8,17.6,23.9,23.5,14.1,18.5,21.9,18.1,17.2,24.5,16.4,23.9,32.3,30.3,15.6,28.5,24.6,21.3,23.5,25.9,36.5,20.6,33,17.6,18.6,13.8,21,10.9,34.8,29.9,27.4,23.8,26,26.7,18.9,19.8,29,12.5,19.2,26.5,27.1,17.5,27.5,22.7,37.6,24.9,22.4,20.2,24.9,24.5,28.9,21.9,26,24.1,27.1,23.5,30.2,28.2,32.3,20,30.2,20.9,20.6,28.2,25.1,18.3,26.2,35.5,29.9,24,26.5,29.7,20.7,24.3,22.6,27.2,26.4,20.9,29.3,24.4,24.7,22.3,14.1,16.6,25.6,24.4,31.5,25.2,22.7,31.1,29.3,25.4,22
Cowley ,20035,37.2,24.9,27.6,25.5,39.6,33,32.2,23.3,40.6,33.7,38.8,32.3,32.5,35.5,45.5,35.1,18.3,31.8,30.3,26.9,23.2,45.9,31,22,37.7,29.2,39.6,27.6,45.2,38,32.6,28.3,38,44.9,40.6,34.2,34.1,31.2,24.3,25.2,30.2,34.9,21.5,29.5,37,22.4,32.1,37.7,37.9,29.1,43.9,40.2,25.2,33,35.1,38.1,33.8,44.6,21.1,23.3,20.6,27.3,19.2,45.7,37.3,40.1,32,51.6,26.7,22.9,36.9,31.8,21.7,36,38.1,36.9,29.3,33.4,29.4,42.5,40.8,31.7,28.3,41.6,26.7,30.9,21.5,33,34.9,35.4,34,44,48.2,41.4,25.5,39.1,27.8,28,39,41.1,37.4,38.8,31.8,43.5,41.8,45.6,35.2,26.9,39.1,37.6,43.8,34.2,28.7,54.2,49.5,40.3,33.5,28.8,25.8,43.7,29.8,39.5,41.6,39.4,37.5,57.5,35.5,33.7
Crawford ,20037,44.4,48.4,40.4,33.2,51.1,38.4,40.6,27.4,50.8,45.3,42,49.4,36.9,40.1,48.7,34.8,36,43.1,42.4,32.4,34.8,52.5,40,28,35.9,36,41.9,39.1,44.9,42.6,47.5,35.3,42.2,57.9,45.1,41.6,35.9,34.2,31.7,35.6,34.7,50.2,26.9,34.7,38.8,30.4,33.7,53.7,46.1,43,48.4,47.3,31.8,36.1,44.3,45.2,34.7,52.1,24.1,27.7,33.3,34.7,26.2,43.8,46.6,42.3,33.5,53.3,35.8,20.6,42.9,40.1,31,43.8,40.8,42.8,38.3,44.9,37.7,55.5,51,39.9,32.7,51.2,33,43.2,23.1,39.9,42.4,47.4,41.7,59.6,55.5,50.3,41.1,35.6,50.3,31.5,57.7,54.8,49.3,44.1,40.3,44.9,53.3,45.7,37.3,42.1,35.2,42.9,42.6,35.1,32.2,52.2,54.1,55.5,39.3,36.4,36.5,55,33.9,52.5,40.7,51.8,38.5,66.5,44.6,47.3
Decatur ,20039,21.9,24.6,23.8,28.6,23.8,17.3,16.9,21.1,25.4,21.4,23.8,25.8,20.6,15.6,19.8,20.7,11.7,17.5,22.1,18,18.7,31.9,12.9,16.6,21.5,21.8,19.4,17.4,17.8,33.5,18.1,17.2,13.6,20.7,24.7,19.4,31.7,19.7,15.5,20.9,12.9,16.3,12.3,16.4,16.7,12.9,15.2,31.7,22.9,16,26.7,19.2,30.5,20.2,19.3,25.7,17.4,28.6,15.2,23.1,15,15,13.4,25,21.7,19.6,20.3,21.8,25,20,16.9,34.3,17.5,18.7,20.7,22.4,18,23.5,18.6,29.7,16.9,25.7,16.6,27,16.2,26.1,17.3,23.5,24.7,20.2,23.7,21.9,20.4,23.8,19.2,16.9,21.5,22.2,26.8,31.7,23.5,20.2,28.3,19.2,19.4,22.4,17.3,21.8,12.2,16.1,22.3,24.6,21.4,19.5,25.6,28.1,22.8,24,12.2,16.2,20.6,22.9,22.5,22.8,25.8,26.2,15.1,17.2
Dickinson ,20041,32.4,26.7,43.9,25.7,31.8,29.5,32.2,24.2,41.8,37.2,33.3,28.7,24.9,27.7,32.7,33.6,25.3,24.2,25.6,22.4,24.7,45.4,29.3,21.2,29.9,24.8,23.5,21.7,31.2,27.2,26,30.2,27.4,37.2,38.9,35.2,27,27.7,28.9,21.2,20.8,30.8,20,21.8,26.9,23.1,25.4,40.5,37.5,27.7,41.9,36.1,29.4,24.9,33.5,26,31.3,53.3,21.3,20.4,19.8,23.4,16.6,38.3,35.6,35.6,30.8,39,36,24.4,30.3,37.5,16.4,42.7,27.6,32,28.4,36.8,32.9,51.6,28.9,27.9,27.4,38.9,28.4,38.8,24.7,36.6,30.5,30.9,34.3,38.2,34.1,35,18,25.2,30.1,26,37.6,50.3,23.5,39.7,36.4,35.6,40.9,37.4,25.3,30.9,23.3,27.3,32.4,36.1,26.7,37.2,32.7,34.9,32,29.4,21.4,37.1,27.2,36.3,35.9,30.2,35.5,39.4,29.8,28.7
Doniphan ,20043,36.2,29.9,39.3,30.6,42.9,35,41,25.5,43.1,40.6,39.9,39.4,28.2,31.7,40.3,42.3,26.1,33.7,27.5,29.6,30.9,45.4,32.3,26.7,29.5,35.3,32.4,32.2,35.1,27.2,32.3,39,34.5,38.4,40.9,40.7,33.3,44,31.1,29.7,26.4,34.9,29.4,26.2,29.1,27.3,29.7,40.2,36,30.9,43.2,39.4,31.5,39,37.1,42.1,31.8,54.9,28.3,22.7,36.7,29.1,19.6,36.6,44.1,43.7,29.9,50.9,33.4,24.7,36.9,47.1,23.4,39.8,32.5,33.2,37.4,28.8,40.2,62.3,28.7,36.6,24.1,49.3,40,38.6,30,35.9,45.2,33.4,38.2,46.1,47.4,40.5,16.2,27.2,36.1,29.8,44.9,51.9,27.4,39.9,38.5,33.8,44.8,32.1,31.8,45,24.4,27.5,30.6,37.8,30,39.2,39.3,39,38.5,35.5,24.1,34.6,34.6,43.1,42.5,29.8,34.4,44.7,39.7,37.3
Douglas ,20045,38.7,43.1,35.2,25.6,47.4,30.4,40.4,25.6,42.7,40.9,42.6,41.6,32,35,43.5,43,34.4,27.8,31.8,28.9,33.4,51.1,35.9,26.1,32.5,27.6,38,40.9,37.6,36.1,33.5,28.2,30.1,42.5,37.7,33.7,25.8,38.4,31.1,28.6,27.6,41.3,20.9,23.5,31.9,28.2,38.5,45.8,40.3,34.8,44.2,44.1,35.1,39.7,32.4,41.6,33.9,51.9,26,22.7,31.5,28.4,25.5,38.4,42.8,34.1,31.3,51.7,34.4,23.2,39.3,42.8,23.7,47.3,40,40.7,35.3,33.2,36.4,58.4,35.3,30.9,22.2,48.4,31.5,36.4,30.7,42.9,38.7,35.8,40.7,51.8,45.6,38.8,23.5,32.1,38.9,30.2,43.2,55.4,33.4,36.6,47,36.4,47.4,38.9,28.3,40,27.4,31.4,45.7,42,29.7,40.1,41.5,46.2,38.4,33,22.4,34,35.9,45.4,39.4,41,31.5,54.2,35.7,44.8
Edwards ,20047,24.7,22.8,21.9,22.7,30.9,21.9,22,17.2,27.4,19.8,22.3,25.1,28.1,23.8,24.9,24.9,14,21.2,23.5,20.2,17.4,33.3,19.7,17.1,23.5,18.6,25.1,20.7,24.4,26.2,21.1,22.3,18.2,23.4,28.4,22.7,21.6,20.9,17.9,16.4,18.1,18.9,15.4,15.4,22.5,12.9,22.3,29.3,29,16.6,34.8,21.9,17.3,20.4,28.6,26.1,21.6,33.4,15.7,16.3,15,19.2,10.4,32.1,29.1,23.1,22.6,24.7,25.9,19.9,18,24.9,12,20.1,21.7,26.4,16.8,26.7,25.3,38,17.7,19.5,19.3,24.5,22.2,26.6,19.4,28.5,17.7,24.9,23,25.3,27.8,31.8,15.4,24.2,21.6,17.8,30.9,30.8,18.4,25.6,34.9,31.9,23.7,24,27.9,22.5,18.4,19.1,24.8,23.6,25.9,31.5,24.1,24.7,26.5,15.6,20.5,25.8,23.9,28.3,25.7,25.4,31.6,27.8,26.9,24.8
Elk ,20049,39.6,30,30.2,28.3,41.3,36.3,37.4,26.6,46,39.6,42.8,36.8,35.6,37.9,49.7,37.1,22.3,36.1,33.3,28,27.9,52.7,35.6,22,35.6,32.8,35.7,30.9,46.1,36.5,37.3,30.9,38.9,49.7,41.4,36.7,36.2,36.4,27.4,31,30.4,43.6,25.5,33.2,37,24.3,35.5,42.1,43,34.8,45.7,45.8,31.7,37.2,38.9,42.3,30.3,48,21.9,25.3,25.5,27.4,20.4,43.5,38.5,39.6,34.5,58.4,29.9,22,34,36.7,20.6,37.7,38.2,42.5,29,35.8,35,47.2,50.2,35.7,34.9,45.1,26.6,37.4,20.7,31,38.9,33.3,40.6,50.1,51.4,42.5,30.3,40.3,34.4,29.5,44.6,42.4,38.8,39.4,33.6,41,43.4,46.2,36.1,31.1,38,39.7,44.9,38.5,28.7,56.6,56,47.6,36.3,30.3,26.7,45.7,31,41.5,43.5,35.8,37.3,50.1,38.3,35.6
Ellis ,20051,24.1,21.6,26.4,28.7,27.7,21.1,26.4,22.9,32.5,31.6,21,22.8,24.2,22.8,26.2,28.9,14.3,16.9,21.3,21.2,17,35,15.9,15.9,24.3,25.4,21,18.9,19.5,28.9,15.7,19.6,15,28.3,30.4,24.5,26,22.9,25.7,16.8,15.2,22.3,15.6,17.1,21.2,16.2,21.7,29.9,25.8,16.9,29.5,20.6,23.7,22.2,25.4,24.7,25.7,39.5,14.6,20.2,18.9,19.5,12.3,31.2,31,25.1,23.2,30.2,26.1,20.6,18,26.8,16.4,25.3,19.9,27.7,19,25.9,25.6,35.9,15.6,23.2,19.8,23.7,20.7,25.1,18.6,25.6,22.5,16.9,24.3,24,23.1,29.8,15.3,18.6,25.5,17,31.1,39.3,19.4,23.2,30.1,25.8,25.5,23.6,22.8,28.2,17.7,22.8,25.2,22.8,22,31.4,30.8,21.8,21.1,21.5,15,21.6,24.6,21.9,27.4,25.7,35.2,32.1,22.7,24.9
Ellsworth ,20053,28.5,25,31.9,22.3,25.5,25.7,27.7,21,33.1,33.5,34.3,25.9,26.4,21.6,25.4,32.4,15.9,19.6,23.2,19.6,21.2,41.4,21.1,17.9,27.9,24.4,23,21.2,31,28.6,22.2,26.6,25.3,31.3,33.9,27.9,27.3,20.6,22.8,18.5,15.6,25.8,16.3,21.4,25,17.3,24.2,38.8,37.8,22,35.4,26.6,26.9,23.2,29.7,23.4,27.8,41.9,19,24.1,18.1,22.2,15,38,30.3,28.4,29.1,28.2,29.5,21.8,24.2,30.5,18.4,33.8,24.1,29.4,22.6,34.1,30,47.6,23.1,27.4,19.3,33.1,22.8,27,19,32.8,24.7,22.1,29.3,32.6,29.5,32.6,15,20.5,30.9,21.1,37,45.6,19.7,27.7,32.3,28.9,33.9,29.4,27.6,30.5,23.6,25,27.9,24.9,24.1,45.2,34.3,28.6,26.2,24.1,18.7,35.4,27.5,28.5,32.5,27.8,31.6,34.3,27.3,24.9
Finney ,20055,19.9,21.4,15.8,19.8,24.2,18.5,17.9,15.6,20.6,18.9,18.6,20.2,22.6,18.7,16.4,20.3,12.1,13.1,20.5,14.8,15.8,27.4,12.4,12.4,20,18.9,18.2,16.5,14.6,28,14.7,18.1,13.4,17.7,28.5,17.7,20.2,14,15.7,15.6,11.1,14.3,13.3,11,14.5,11.3,18.2,26.3,23.6,12.9,29,17.3,23.6,17.4,19.6,23.9,21.5,28.7,11.3,14.6,12.7,18.4,7.3,24.8,28.4,20.5,18,21.5,20,17.4,13.8,25.8,12.6,19.9,15.9,25.5,15.7,20.5,24.6,22.2,12.9,16.8,14.5,21.5,17.6,21.7,18.8,20.5,18.6,16.8,19.6,19.8,17.9,22.4,13.3,21.9,21.1,19.6,23,26.8,18,20.2,23.9,25.2,22,21.2,19.2,18.7,13.4,16.7,24.9,19.8,19.9,19,17.5,23.2,15.1,11.7,13.8,17.8,21.9,26.4,18.2,21.2,24.6,16.8,15.8,16.8
Ford ,20057,22.9,20.6,18.6,22.4,26.2,21.2,21.8,15.7,25,18.5,20.9,24.4,28.2,21.4,22.5,24.2,12.9,21.2,24.2,20.4,19.2,29.4,17.1,14.4,22.4,17.2,24.1,18,21.1,25.7,20.5,24.2,17,20.9,29.8,22.1,20.2,19.6,18.1,15.1,14.3,17.5,14.7,14.4,18.7,13.4,24,30,26.1,15.8,32,19.6,19.8,21.4,23.7,29.1,17.8,32.6,14.4,14.3,12.6,18.7,10,28.2,25.5,23.3,22.6,23.9,27.3,17.9,18.9,25.2,12.8,19.4,24.7,24.9,14.9,26.9,28.8,33.9,19.8,20,18.6,25.2,20.4,26,19.8,26.5,18,23.9,22,24.6,23.3,26.9,16.1,24,20,15.5,25.7,26.7,19.2,22.5,32.6,28.6,22.2,23.1,23.6,18.3,16.8,20.3,24.7,24.2,23.4,25.5,22.3,24.9,24.4,12.5,18,22.9,24.6,30.4,24.4,25.5,30.7,25.1,24.2,21.9
Franklin ,20059,39.6,41.2,34.3,26.8,49,30.1,41,24.8,45,42.8,43.5,42.1,33.6,36.4,44.8,44.4,32,27.8,33.4,29,32.2,55.6,38.1,27,29.5,27.4,37.9,41.1,37.3,36.1,32,30.2,33.5,46.7,41.2,35.6,27.1,38.6,31.4,31.3,30.3,41.9,21.1,26.6,37.6,24.9,36.7,48.4,41.9,37.3,46.6,47.2,39.3,41.7,36.5,43.2,34.2,58.6,28.6,25.1,34.8,31.3,28.4,41.1,45.9,34.1,35.3,53.3,35.7,23.7,39,41.2,26.8,45.9,40.5,43.9,38,35.8,35.3,57.7,36.9,34.5,22.6,43.8,30.9,37,28.2,44.3,39.4,38.1,40.8,51.1,44.2,43,27.9,35.2,39.6,26.7,45.1,52.2,37.4,35.3,40.9,41.8,48.8,41.6,26.3,36.9,29.7,32.4,44.8,44.3,30.3,47.6,45.2,47,41.7,32.5,23.6,37.7,32.7,42.6,38.1,39.6,36.3,56.5,33.5,47.6
Geary ,20061,33.7,31.6,44.5,26.3,33.6,31.2,31.8,24.5,46.2,39.8,34.1,31,29.4,28.5,37.7,39.1,29.4,26.7,27.4,26.1,25.2,46.7,32.2,22.9,31.2,26,26.7,27.1,35.7,29,28.4,31.6,30.9,40.1,39.8,35.2,29.4,33.7,29.1,23.4,21.5,35.1,22.6,23,30.5,26.6,27.1,42.4,42,31.8,49,40.5,30.8,27.6,34.8,29,31,57.4,23.2,22.3,23.2,24.9,19.4,37.9,38.9,35.3,32.4,43.1,35.5,23.1,32.9,37.9,17.1,42.4,31.1,36.4,31.3,35.2,31.7,51.7,28.1,30,26.4,42.6,28.3,35.5,24.9,35.9,34.3,34,35,39.1,40.6,34.2,18.1,28.7,32.2,27.3,40.4,50.8,26.4,41.1,34,33.3,42.4,36.3,25.2,34.8,25.3,27.4,34.7,36.5,27.7,38.9,35.8,36.2,33.5,32.4,22.2,33.6,28.2,38.1,36.9,32.1,33.5,41.8,33.6,29.1
Gove ,20063,20.6,23.2,22.3,26.9,23.3,19.9,18.6,18.3,25,19.6,19,23.5,20.7,18,20.6,25.3,9.8,13.2,19.3,16.1,17.8,30.5,11,12.2,20.3,23.4,17.3,18.3,14.8,31.9,17.1,15.9,12.4,20.8,26.5,17.6,23.9,18,17.4,17,10.7,17.8,15.7,12.2,17,12.7,16.9,28.4,21.8,13.9,26.2,17.1,27.8,16.2,19.7,27.2,23.3,28.7,12,18.5,11.6,15,9.4,28.9,22.5,22.4,20,28.1,21,20.9,16,26.5,16.1,16.7,20.1,22.6,16.3,21.1,23,26.2,16.7,23.5,17.4,21.7,16.9,20.2,17.7,20.8,22.7,14.7,23,18.8,16.1,23.8,15.6,17.6,24.2,20.2,23.7,28.6,20.2,21.5,26.7,20.5,22.3,21.2,19.3,22.4,12.8,15.1,21.3,22.1,19.6,18.6,22.6,25.6,19.5,20.9,12.5,18.8,21.9,21.2,18.8,24.2,27.1,23.3,15.1,18.1
Graham ,20065,22.4,25.5,25.8,27.4,25.6,19.4,20.1,20.6,28.1,25.1,22.3,24.4,22.4,17,25.1,24.8,11.5,16.2,22.5,16.9,19.7,34.3,14.5,13.8,22.8,28.4,19.1,17.8,17.9,32.6,15.1,17.8,12.8,23.9,28.8,20.9,26.9,22.8,19.4,16.1,12.7,19.9,14.7,14.2,18.2,16.1,21.1,34.4,25,16.5,31.7,19.3,30.3,21.4,22.3,26.1,22.9,36.1,15,20.1,16.3,16.1,11.9,29.6,25.9,23.3,24,28.9,28.1,21.1,14.6,30.1,13.9,21,20.8,23.6,19.8,21.7,24.8,29.7,16.2,24.4,17.2,24.9,20.5,24.7,16.7,20.7,23.6,18.8,21.3,21.1,20.9,24.8,16.1,20.1,24.3,19.1,27.8,36,20.6,26.2,27.1,22.8,22.7,22.2,20.1,23.7,12.5,15.8,20.8,25,23.4,23.2,31.3,26.7,19.6,23.3,12.8,16.8,21.3,22,25.7,23,30.5,27.6,16.2,19.2
Grant ,20067,18.2,18.2,10.3,17.3,23.1,16.9,16.4,15.6,17.8,17,20.4,18.7,24.2,19,14.8,15.1,12.6,14.6,15,14.9,16,26.3,12.8,15.2,19.9,17.8,18.7,18.1,16.4,25.8,14.4,18.4,12.9,17.2,27,17.3,22.3,11.8,16.1,17.1,11.6,12.2,12.1,10.9,17,10.7,16.3,28,21.8,12.3,26.2,17.8,27.4,17.6,20.4,24,19.1,21.7,9.1,16.2,11.5,15.5,6.3,20.2,23.7,19.8,19.4,18.8,16,13.7,12.6,24.7,14.6,17.1,15.8,21.2,14.9,18.7,22.4,18.6,11.9,15.4,15.7,17.5,14.3,18.3,16.3,19.1,17.4,14.7,19.2,17.9,18.4,17.3,14.7,23.9,22.9,19.2,15.7,23.1,18.9,17.5,23.1,21.5,18.7,17.8,17.9,17.6,12.1,16.6,23.3,19,17.5,13.9,15.4,19.8,13.8,11.9,12.5,15.2,15.9,26.6,18.4,25.1,24.1,16.9,13.6,16.9
Gray ,20069,21,19.7,15.7,21,24.4,19.7,19.2,15.7,22.4,18.1,20.1,21.8,26.3,20.2,18.1,21.3,11.7,16.7,24.7,17.7,17.9,27.9,14.4,12.2,20.3,17.2,21.4,19.6,16.5,25.7,16.7,24.1,15.2,18.6,30.9,20.2,20.2,15.6,16.2,14.2,11.5,15.9,13.6,11.8,15.9,12.8,21,27.7,24.8,15.1,30.1,18.1,21.4,21.9,20.7,26.3,19.1,30.2,12.3,14.8,14.4,19.3,7.9,26.3,25.6,22.4,20.5,23.8,25.2,17.8,17.1,25.3,12.3,19.1,18.3,24.7,15.3,23.5,26.8,26,14.8,17.6,16.6,20.8,17.8,24.7,20.2,23.3,19.3,20.4,21.7,24.7,19.2,26.5,16,22.6,20.9,19.1,24.1,26,17.4,19.8,27.5,24.3,20.9,22.8,19.5,17.3,14,18.1,23.6,20.7,20.3,19.5,20.2,23.5,18,9.6,15.5,17.5,21.3,31.5,24.1,23.5,28.1,20.6,18.5,18.7
Greeley ,20071,18.2,20.4,13.5,18.3,20.2,16.5,14.7,13.8,19,18.7,18.6,20,19.3,14.6,15.2,19.3,11.9,12,17.8,15.2,16.8,30.2,13.3,14.4,18.8,17.7,16.3,16.7,15.3,27.6,14.8,13.9,12.4,15.3,22.6,16.7,18.3,11.1,17,18.6,8.9,11.2,11.4,11.3,18.1,12.1,14.4,24.8,21.8,13.5,24.3,15.3,19.6,20.1,16.6,25.4,15.8,24.1,10.7,13.6,11.4,10.3,9.1,19.5,25.2,14.8,14.3,17.5,16.8,11.4,13.2,20.3,14.3,18.1,13.2,23.6,12.4,14.8,19.2,18.6,10.7,13,11.1,16.6,18.7,16.1,19.6,16.2,19.1,13.5,18.9,16,15.8,20.4,15.9,17,17.4,20,20.2,23.2,18.4,19.3,21.7,23.7,18.1,20.9,15.8,15,10.8,16.5,25.1,19,18.5,15.7,16.4,18.7,16.7,20.8,8.1,16.4,15.9,22.9,20.1,24.1,20,19,13.5,20.2
Greenwood ,20073,38.3,31.9,32.8,25.8,41,31.7,38,25.4,47.9,40.6,42.1,34.8,35.7,34.7,44.7,35.6,24.6,33.5,32,27.8,30.5,51.3,34.6,21.1,33.1,26,31.6,26.9,39.4,33.6,33.1,28.2,35.7,48.5,38.3,33.5,32.4,36,26.6,27.1,30.3,39.6,20.9,29.1,35.9,22.4,33.1,45.2,43.9,33.5,43.6,44.6,29,37.4,36.3,37.8,31.4,54.1,22.6,23.8,23.3,27,20.7,43.6,40,40.6,37.1,55.8,34.4,22.8,36.2,40.6,20.8,38.8,39.3,44.4,33.2,36,33.6,51.4,41,33.2,26.5,44.1,26.3,38.9,21.1,37.4,39.4,34.1,37.1,50.5,44.6,41,28.3,37,34.2,27.2,45.6,41.4,33.2,36.5,30.5,39.1,47.4,42.5,31.3,36.6,33,35.1,43.8,43.3,26.4,47.5,55.5,48.7,37.3,28.3,23.8,41.9,31.9,37.7,45.9,36.3,39.9,55.4,36,39.8
Hamilton ,20075,17.5,18.8,11,16.4,20.5,16,15.6,13.9,17.3,17.4,17.3,17.5,20.1,16.1,12.9,14.8,11.2,12.1,14.2,13.9,16.4,24.8,12.3,12.9,17.4,18.8,16.1,16.1,15.8,26,16.9,14.9,15.4,17.6,23,16.7,18.9,11.4,16.9,16.4,10.3,13.3,10.5,9.3,16.6,9.6,14.5,27.1,21.2,10.9,23.8,14.8,19.6,18.1,17,24.2,16.4,22.2,10.2,13.6,9.6,12.8,7.6,20.8,22.6,16.7,14.3,17.1,14.5,13.8,11.6,24.7,14.1,15.4,12.7,23.5,12.7,16.2,16,16.9,10.3,14.7,12.2,16.2,17.3,14.9,15,16.6,16.7,14.2,19.8,17.4,17.9,16.8,15.1,17.1,20,18.6,18.7,22.2,18.2,17.4,24.2,22.1,19.7,18.7,16.6,16.9,10.3,14.4,21.4,17.3,19.1,13.7,15.5,17.4,12.6,16.9,9.5,13.4,14.4,23.3,18,23.8,22.6,16.7,12.6,17.6
Harper ,20077,31.6,23.9,25.4,22,33.7,27.3,23.7,21.1,29.2,27.6,29.1,27.2,32.3,32.5,31.8,29.7,13.9,29.8,25.4,23,21.2,43.3,22.6,20.4,36.4,23.8,31.1,24.5,32.4,38,25.6,23.7,29.3,32.3,29.4,29.3,25.6,29.7,23.7,18.5,23.2,26.6,18,24.4,33.2,18,25.6,31.7,29.9,20.5,36.8,29.1,24.1,29.4,33,37,24.8,44.7,18.2,18.9,14,26.9,14,40.6,28.6,35.1,31.9,34.9,25.2,22.7,28.1,32,14.2,27.7,29.7,31.3,24.4,28.4,26.3,41.5,33.4,26.9,20.4,35,25,29.7,24.3,28.6,27.5,32.4,28.2,32.9,30.4,38.7,21,33.5,24.1,22.6,35.8,33.3,27,34.1,31.2,37.7,34.3,37.1,38.4,26,33.2,31.8,33.1,29.6,25,39.5,41.4,34.3,31,20.3,20.3,32.4,22.8,39.5,30.1,29.6,35.9,40.4,30.3,24.5
Harvey ,20079,32.8,30.6,30.2,22.5,33.8,31.5,34.5,24.6,34.6,32.7,38.8,29.1,29.1,29.1,35.3,30.8,22.2,29.2,29.1,24.1,22.8,44.1,33,19.6,29.9,23.4,26.5,25.7,38.9,39,24.1,26.2,32.5,38.2,35.6,32.5,26.7,28.3,24.7,20.8,23.5,31.7,18.8,25.1,34.4,27.7,30.9,38.1,40.7,29.5,43.6,35.7,25.9,32.4,35.5,33.1,28.8,49,17.8,21.8,18.2,23.1,16.4,39.7,35.5,32.3,39.3,39.6,34,25.3,33.6,40.9,15.2,36.8,34.8,34.5,26.4,32.1,26.1,47.2,33.9,32.3,24.2,41.1,22.1,40,22.7,35.5,26.9,29.6,29.5,39.2,32.5,37.9,21.4,31.3,28.3,25.8,35.9,42,24.4,38.5,32.1,35,37.6,38,30.8,29.4,30.7,34.5,36.6,39,25.4,38.6,39.3,36.4,32.4,21.6,23.4,41.9,27.8,39.3,39.8,28.1,35.6,41.7,28.3,33.4
Haskell ,20081,19.7,18.7,12.5,19.2,23.6,18.4,17.6,15.9,20.2,17.6,20.9,20.7,26,20.2,15.8,17.5,12,16.2,19.2,16.3,16.9,27.6,13,13.9,20.9,18.5,21.9,21.1,16.9,26.7,15.6,20.9,14.8,17.5,28.6,19.3,22,13.4,16.7,14.6,11.7,13.8,13.9,12,18,11.1,17.1,28.4,23.2,13.6,26.8,18.2,27.4,20.5,22.4,26.3,19,25.5,10.7,15.8,13.1,19.1,6.4,22.1,25.8,19.9,20.1,23.3,21.9,17.6,14.6,25.8,15.4,20.4,16.9,22.7,16.1,21.7,26.2,24.7,15.1,17.7,16,19.8,14.2,20.8,16.8,22.9,18.4,17,22.4,20.7,18.1,21.4,16.6,24.3,24,18.7,19.1,24.6,18.3,18,25,22.9,20.5,22.3,18.9,15.8,13,16.4,23.7,20.4,19.5,16.1,18.1,21.4,15.2,9.5,14.3,16.6,19.9,31.3,22.2,23.3,25.4,18.6,16.1,17.9
Hodgeman ,20083,22.6,22.3,20.4,22.7,25.7,20.6,23.4,15.5,23.2,18.5,17.8,22.8,25.4,18.9,19.4,24.7,12.2,16.1,24.8,18.8,18.9,29.6,14.4,13,23.2,17.6,20.9,16.9,19.9,26.1,18.6,22.6,15.9,22.4,27.8,21,21.4,17.1,16.9,15.7,13.9,15.6,13.5,12.6,17.1,12.3,21.3,25,25.3,16,30.6,19.2,20.7,19.7,24.9,24.3,22.5,31.4,11.1,13.6,14.3,18.4,10.3,28.1,29.1,21.3,20.2,24.7,23.9,16.2,15.9,24.1,11.1,17.8,20.7,22.8,17.4,24.5,25.7,31.8,13.9,17.4,17.6,22.3,19.9,26.3,19.2,27.3,19.2,21.2,21.4,21.9,22.3,26.4,14.5,20.7,21.3,15.8,29,31.3,17.8,22.4,30.9,28.3,22,23,22.6,21.4,16.4,17.9,25.4,22.4,23.9,25.9,22.2,25.9,19.8,12.4,19.1,20.7,23.9,30,25.4,25.7,29.2,22.9,22.7,23.1
Jackson ,20085,36,31.5,38.8,27.9,38,33.5,39.1,24,44.3,41.8,37.1,38.3,30.2,30.7,40.4,45.3,31.5,29.7,27.6,25.6,27.2,44.7,30.4,26,30.9,31.6,30.3,31.3,35.7,31.5,31.1,38.4,30.6,42.1,37.1,34.2,33.7,44.2,29.4,23.4,22.5,32.9,27.2,18.9,33.9,25.4,26.7,42.4,37.4,28.5,44.6,38.4,29.7,32.6,31.5,40.1,31.5,52.7,26.2,23,31.4,27.8,21.9,38.7,39.9,36.4,29.9,45.2,34.5,22.6,34.5,40.6,22.4,41.9,39.3,34.2,34.2,28.2,36.6,56.5,27,33.4,23,47.2,35.2,34.9,30.4,37.1,41.7,35.1,38.2,41.3,43.3,37.8,19.1,32.2,34.7,28.8,42.9,50,29,43.5,38.6,31.4,44.3,37.3,26.9,42.4,26.7,26.5,35,38.5,29.6,40.8,36.2,39.1,37.6,33.3,22.2,30.8,31.7,41.5,42.1,32.9,30.7,46.7,33.1,31.3
Jefferson ,20087,37.7,37.5,36.8,27.8,44.6,32.2,40.2,24.4,41.1,41.3,41.5,40.1,29.3,32.4,41.1,44.5,33.4,30.3,29.3,29.1,32.3,46,32.9,26.5,33.1,31.3,34.8,35.5,36.6,33,33.5,33.9,30.3,40.9,36.9,35.9,30.5,41.9,30.5,27.2,25.5,38.4,24.3,21.1,30.5,27.4,35.6,44,38.9,32.9,43.5,40.6,32.4,37.2,31.1,42.5,35.5,52.5,25.9,21.4,30.1,28.1,24.3,38.2,41.6,34.5,30.2,48.3,37,22.2,37.3,43.8,25.3,46.2,40,37.2,35.2,29.3,37.9,56.8,32.4,31.3,22.9,49.2,33.9,36.3,31,41.7,41.2,36,37.2,48.7,45,36.5,19.1,32.2,38.6,31.3,41.9,50.7,28.4,38.6,43.9,33.2,46.9,35.6,31,44.7,26.9,29.3,42.1,44.7,29.1,39.8,40.1,42.9,40,34.2,22.1,31.3,34.8,43.4,42.3,38,28.2,49.4,35.7,38
Jewell ,20089,27.3,23.1,34.8,28.1,20.7,23.9,23.8,18.3,36.2,34.1,24.4,32.3,23.9,21,33.1,29.7,19.2,23.4,25.1,21.5,17.3,39.6,19.9,18.1,29.2,32.8,25.2,19.2,20.5,30.5,18.2,22.9,21.3,25.6,29.9,23.9,22.3,25.3,20.5,19.1,12.7,27.7,14.3,20.4,26.4,19.5,21.9,35.9,31,21.2,34.8,26.6,29.7,22.7,24.2,30.4,33.7,42.9,20.7,22.4,23,18.8,16.6,29.8,30.4,27.6,27.7,37.2,30.9,28.3,20.2,30.1,17.3,27.6,29.2,28.7,22.4,28,32.2,43.6,15.4,25,17.4,31.9,28,29.4,22.1,31.8,30.7,25.9,26.4,29.9,33,32.6,17.1,25.1,26.4,20.3,35.6,45.2,22.1,26,28.1,24.3,27.4,21.3,17.4,32,20.4,25.4,27.8,27.3,26.3,31.4,34.7,22.9,28.1,32.7,22.1,25.9,26.4,31.8,30.8,23.4,34,36.6,23.1,25.6
Johnson ,20091,39.8,43.1,36.9,25.8,50,29.8,41.5,23.2,43.1,41.2,43.8,43,33,37.6,44.3,40.7,35.1,28.7,33.6,29.2,37.9,49.7,37.6,27.6,31,26.9,36.3,41.8,39.2,36.7,32.9,30.8,32.7,46.5,38.2,37.7,25.6,38.1,30.7,28.8,28.2,44,21.4,23.7,34.1,30.7,39.5,47.6,44.8,33.5,45,41.6,38.1,45.9,34.5,44.4,30.3,54.1,30.3,22,33.1,32.5,24.6,37.3,46.7,33,33.9,56.2,31.5,24.9,40.2,43.1,25.8,48.9,35,41.7,38,33,32.9,61,36.9,30.1,22.8,47.9,29.3,38.4,28.9,42.1,41,36.9,43.4,49.6,47.4,37.7,27.2,35,41.1,29.4,42.2,55.2,38,36.1,42.6,39.3,50.2,40.3,30.7,42.1,29.4,32.8,45.5,41.7,33.6,43.5,46.5,43.4,41.6,33.8,25.4,35.9,35.1,47,39.8,45.4,33.6,49.9,36.4,41.1
Kearny ,20093,18.9,20.8,12.4,17.5,23.5,17.5,15.9,15,18.8,18.4,18.4,19.4,22.6,18.7,14,16.3,12,12.1,15.6,13.2,14.8,24.8,12.1,12.9,19,18.4,16.8,16,15.3,27.3,14.9,14.8,13.7,16.8,26.6,16.7,20.2,12.8,16.1,16,11.2,13.9,12.2,10.6,15,9.9,16.2,26.5,21.7,10.7,24.9,15.6,24.3,16.1,17.9,23.4,17.7,25.2,9.8,14.3,10.1,14.8,6.8,20.4,24.9,17.6,16.4,18.2,14.6,16.3,12.1,24.5,11.7,16.4,14.2,24.5,15.5,17.7,21.8,19.1,11.7,16.2,13.5,19.2,17,18.3,18.8,19.1,17.8,14.9,20.6,17.4,17.1,19.4,13.1,21.7,22,19.2,19.8,23.9,20.8,19.9,23.4,24,20.9,18.5,17.8,19,11.4,17.2,24.7,19.9,19,14.9,16,19.5,14.5,15,10.8,14.4,17,23.7,18.7,22.2,23,16.6,16,16.8
Kingman ,20095,30.9,25.5,26.4,21.4,34.4,28,23.5,20.3,30,26.9,30.5,28.4,31.7,29,29,29.3,15.2,29,26.6,21.8,20.2,41.4,25,19.5,32.9,22.5,28.3,23.1,32.9,36.2,22.9,24.7,26.7,32.7,32,28.8,25.6,27.8,23.4,19.1,22.9,28.1,17.5,24.9,33.7,19.6,26.1,33.2,30.6,22.9,37.5,30.5,23.7,30.6,36,36,21,42.7,18.8,19.2,15.1,25,12.4,39,30.4,31.5,30.6,33.9,27.3,23.8,27.1,31,13.2,28.4,29.9,30.9,23.3,28.2,24.4,40.7,26.5,26.9,21.7,37.5,21.3,33.3,23,28.3,27.5,31,29.5,36.3,32.3,36.6,22.6,31.4,22.9,24,34,33.6,22.1,34.5,31.4,39.4,31.1,31.6,35.5,23.5,33,29.1,35.1,31,28.3,37,35.3,32.5,33.1,20.5,21.9,38.4,26.3,35.7,36.2,30.7,41.2,37.4,30.1,28
Kiowa ,20097,25.4,22.6,21.2,22.6,30.8,23.6,21.6,17.2,28.7,19.9,24.4,26.5,29.4,24,26.2,24.8,13.6,25.4,23.1,21.4,18,32.2,21,18.4,24.4,18.4,26.3,20.7,26.4,28.9,22.3,22.9,19.6,23.1,29.7,23.4,20.4,22.8,19.9,15.1,18.6,20.8,16.6,16.6,23.8,13.8,24.9,30,29.5,16.5,32.7,23.3,19.8,22.1,27.8,32.8,20.3,33.4,16.7,17,12.9,21.4,11.2,33.1,28,24.7,23.5,24.7,27.2,19.4,18.4,25.2,12.9,20.3,25,30.2,15.5,28.1,26.4,39,21.2,23.3,20.3,28,24,27,20.7,28.5,19.6,26.3,23.8,28.6,26.7,31.6,17.3,27.3,20.3,19.5,29.3,29.7,20,25.9,34.1,32.1,23.6,24.7,31.2,20.2,22.8,20.7,25.2,26,25,31.5,24.9,24.2,25.7,15.7,18.3,27.6,26.2,29.6,25.2,23.7,32.6,28.9,26.4,23.1
Labette ,20099,42.8,42.5,36.4,30,49,39.2,39,29.2,48.7,42,40.5,46.3,34.8,38.8,52.3,34.4,29.6,38.6,41.3,33.1,33.1,52.2,37.4,26.4,35.6,35.9,38.8,34,43,40.2,43.8,34.9,43.6,53.9,45.9,44.1,38.5,34.5,33.5,38.3,33.7,48.7,29.1,36.7,40.2,31.6,35,53,46.4,47.1,47.2,47.3,31.3,35.5,46,47.9,34,50.2,23.1,29.1,32.5,34.7,25.9,43.5,42.8,44,39.1,50.9,33.1,20.4,40,39.2,27.5,42.9,41.2,41.4,40.2,40.2,38.4,57.1,51.7,40,39.2,51.7,33,39.6,26.5,35.4,36.9,42.7,43.6,57.7,52.4,45.1,37.4,36,45.3,31.6,49.4,50.4,46.4,41.5,36.7,44,49,48.1,41.4,39.1,34.8,43.4,42.1,35.9,30.8,50.3,58.3,55.8,38.2,37.3,36.5,51.2,35,52.7,41.1,47.9,42.8,64.9,48.9,42.7
Lane ,20101,20.7,23.2,20.6,24.2,23.9,19.5,20,16.7,22.5,20.8,18.7,21.2,21.3,17.3,19,24.4,11.7,13.9,20.8,16.3,18,30.1,11.7,13.2,20.8,23.4,17.3,15.5,14.3,33.2,16.3,16.4,13,20.7,27.1,17,21.4,15.6,15.8,17.7,11,17.2,15.3,12,15.4,12.1,18.3,27,24.3,13.3,29.1,17.1,24.5,15.2,20.4,27.5,26.5,29.7,13.2,17,11.6,17.4,9.1,27.8,27.2,22.4,17.9,26.6,20.9,20.1,15.7,25.7,14.6,20.2,19.8,23.5,16.1,21.2,24.9,26.9,13.8,18.9,15.4,21,18,21.6,18.8,20.5,19.3,16,22.6,18.8,18.2,24.1,13.6,19.4,23.5,20.1,24.5,31.5,19.2,20.8,25.3,23.3,22.3,20.4,19.7,19.6,13.2,17.2,23.2,21.6,21.1,22.8,20.6,24.8,16.6,16.5,13.7,20,22.8,26.3,19.2,21.9,23.8,19.7,17.4,18.4
Leavenworth ,20103,38.5,40.2,37.1,28.5,48.3,31.6,40.6,23.1,38.6,40.6,43.8,40.9,30,33.8,41.8,43.7,34.1,29.9,29.7,30.1,35.1,45.1,34.4,26.3,32.8,30.9,34.9,37.8,37,32.3,33.1,31.5,30.6,38.3,35.4,37.4,29,39.8,29.8,29.9,26.7,41.2,23,23.1,31.7,28.6,37.2,43.4,40.2,32,43.9,38.9,33.4,41.9,31.6,41.8,32,50.6,27.5,20.8,32.6,29,25.7,35.8,44.3,33.7,32.5,53.2,35.7,21.5,36.5,42.3,24.6,46.6,37.8,39.1,36.1,29.7,35.2,56.1,33.4,31.3,23.6,50.1,31.5,36.2,31.9,40,41.6,35,38.9,51.5,47.7,37.2,23.1,33.8,39.8,30.6,43.3,53.1,28.6,36.5,43.4,34,49.9,37.3,31.8,44.4,26.1,29.9,41.8,43.6,31,40.5,43.1,44.7,39.8,35.1,23.2,32.5,37.4,43.9,42.5,43.5,31.8,49.1,35.7,41.3
Lincoln ,20105,27.8,22.7,32.5,22.8,21.9,23.4,24.4,18.8,31.7,31.8,30.5,26.9,24.9,21,27.5,31.6,17.1,20.5,22.3,18.3,17.2,36.7,19,16.6,27.6,25.1,22.4,22.3,26.5,27.2,18.2,22.9,24.6,31.1,34.4,25.9,24.2,21.6,19.8,15.8,14.8,25.8,15.9,18.3,24.3,16.5,20.7,35.2,33.9,21.2,30.8,24.8,31.2,20.8,27.2,23.8,26.4,48.5,21,21.7,20,22,13,37.7,31.4,26.9,27.3,33.4,28.3,20.3,22.7,27.4,14.7,29.8,22.9,27.6,22.1,34,29.1,46,18.5,26.6,21.7,29.7,22.8,29.3,19.6,33,29.8,20.4,28.4,31.1,28.1,32.5,14.8,21.2,29.3,24.2,38.6,45.8,20.8,30.2,29.6,25.4,33.5,26.8,25.2,30,20.5,22.9,27,28.2,22.6,34.5,33.6,26.8,28.4,29.3,16.7,27.6,23.2,26.6,32.2,26.6,31.1,32.3,26.8,25.1
Linn ,20107,42.3,44.7,35.7,30.1,50.3,32.6,38.5,23.9,48.4,43.8,46.6,43.5,34.9,40,47.2,40.2,32.4,36,37.2,32.2,35.9,54.9,38,25.6,31.1,31.4,37.3,42,40.3,39.6,39.4,34.8,39.8,56.2,45.5,40.8,30.4,35.8,30,35.8,33.8,45.3,23.4,31.9,41.2,25.4,39.6,52.2,47.7,41.4,52.9,48.5,39.7,45.6,43.2,43.9,34.6,62.9,30,28.3,35.1,39.8,28.2,40.2,45.8,33.6,38.1,54,34,23.3,42.8,41.8,31,48,41.4,46.8,43.9,38.4,33.9,62.5,43.6,38.2,25.5,43.6,32.5,42.1,27,49.7,41.9,38.1,43.6,54.7,51,47.4,34.5,38.2,42.4,27.5,49.5,55.5,46.6,34.5,39.9,45.5,54.2,43.5,27,40.6,31.3,33.5,47.3,39.5,31.1,51.1,51.7,50.7,42.9,34.5,30.7,44.4,36.4,47.6,38.2,43.3,42,56.7,37,49.2
Logan ,20109,19.1,22.5,18.4,23.7,21.8,19.3,16.7,16.5,22,17.7,19.1,21.8,17.8,16.4,18.7,23.7,10.2,11.8,20.4,14.5,18.2,30.5,10.2,12.6,19.8,22.4,17.9,16.4,14.5,30.4,15,14.7,12,18,24.7,18.1,23,15,16.3,20.9,10.6,14.9,15.2,12.6,17.4,12.6,15.6,27.1,21.1,13.2,24.6,14.6,23.9,18.5,18.8,25.8,19.6,26.2,10.6,17,12.8,14,9.2,23.1,21.9,18,18.1,20.3,19.5,15.1,15,24.6,16.8,16,15.6,22.1,14.3,17.7,20.2,23.1,14.6,20.8,15,20.7,17.5,21,20.3,17.9,22.8,14.1,22.5,17.5,14.8,23.2,15.6,17.2,20.8,19.7,21.8,25.2,17.5,19.6,23,19.6,19.3,19.2,17.2,18,12.7,14.5,21.6,21.7,18.9,16.7,18.3,24.2,17.6,21,11.1,17,21.8,21.7,19,25.1,20.5,22,13.9,21.9
Lyon ,20111,37,35.1,34.4,24.5,43.8,29.8,37.2,23.5,49,41.2,38.3,32.9,30.8,31.5,42.8,39.4,28.8,26.6,31,29.5,30.6,47.3,34.2,24.4,30.9,25.2,32.4,27.4,37.3,33,28.2,29.5,35.9,40,40.8,34.4,26.6,33.5,30.1,25.4,25.8,39.4,18.9,28.3,37.5,21.8,31.1,49.3,42.6,33.8,45.3,43.7,32.9,35.4,37,38.1,35,56.7,23.6,23,24.9,26.3,22.5,43.1,39.9,34,37.4,49.1,37.2,22.9,35.2,42,20.6,44.2,38.2,42.1,34.1,37.7,32.2,56.3,33,32.9,23.6,45.3,26.5,34.8,25.1,40.2,37.5,38.1,35.9,49,43.2,40.6,22.8,33.8,34.9,26.7,44.6,45.7,29.4,37.8,35.8,36.6,47.4,40.1,25.4,33.2,32.1,32.5,40.4,43.1,27,41.4,45.1,44.8,37.7,28.5,22.7,34.3,28.6,39,41.6,34.9,36.1,48.6,30.7,38.6
Marion ,20113,31.4,30.9,32.5,22.9,32,30.4,33.8,24.1,36,36.1,37.2,30.3,26.8,27.3,31.1,31.9,19.8,23.9,27.2,23.6,22.6,42.3,28.8,21.1,31.6,27,26.1,20.4,34,32.2,23.1,24.4,27.4,33.7,31.9,33.1,25.4,25.2,23.5,20.9,21,27.7,18.3,24.4,29.1,25,26.8,39.6,38.9,24.8,40.2,30.7,25.1,28.8,34.2,28.7,31,48.1,19,22.7,16.8,19,16.1,38.7,34.9,29.2,34,31,32.2,22.8,26.9,37.9,17.5,36.4,27.5,30,25,34,29.8,47.7,29.4,29.1,22.8,40.8,25.4,37,21.6,34.5,27.2,28.2,28.8,36.1,32.1,34.6,21,27.1,26.6,24.5,37.1,46.4,20.8,37.4,32.1,35.1,37,36.9,30.5,29.5,27.5,30.3,31.8,32.3,25.1,41.7,34.3,34,30.5,23.7,20.3,38.8,29.3,35.2,35.8,26.2,35.4,38.5,27.6,30.1
Marshall ,20115,33.8,31.2,35.1,24.4,35,31.8,37.4,25.9,39.1,37,39.4,30.6,29,28.9,36,33.7,24.1,27.3,28.5,24.8,24.8,43.7,32.6,22.2,31.3,24.9,26.4,24.4,37.6,34,25.9,28.3,31.3,37.4,38.3,34.2,27.3,28.8,27.9,21.3,23.6,31.8,18.9,24,32.3,24.3,30.4,41.8,38,28.4,44.3,36,27.7,29.1,32.7,30.6,30.6,56.2,20.4,21.9,20,21.9,17.2,39.6,34.4,37.8,35.4,40.4,37.5,25.7,32.3,38.2,18.1,41.4,31.1,37,28.4,37.8,29.5,48.1,32.7,31.5,24.6,40.5,24.4,37.1,21.4,38.2,28.4,31.5,31.8,42.2,36.2,35.9,22.5,29.9,29.7,26.5,40.1,46.7,24.3,39.5,33.9,38,41.1,37.5,27.5,30.5,31.3,32.7,36.1,39.4,25.4,39.1,39.5,36.6,35.5,27,24,41.3,26.5,38.7,38.7,28.4,35.3,42.2,27.8,30.7
McPherson ,20117,32.9,27.7,41.3,31.8,29.7,32.9,33,25.5,43.9,45,33.2,36.2,27.6,26.5,42.3,40.1,27.5,26.6,23.4,24.6,25.1,42.1,26.7,24.1,28.9,31.1,25.6,25.6,29.5,29.8,27.7,32.1,30,36,32.1,33.3,30.6,32.4,27.6,23.2,18.8,32.5,21,21.2,32.1,27.6,23.8,34.8,29.3,26.4,42,35,32.7,28,32.4,35.4,31.2,50,28.3,25.5,28.9,22.6,19.9,32.3,35,37.6,31.2,39.1,32.9,24,31.2,35.6,20.3,33.8,32.8,31.3,32.8,27.5,32.4,48.1,20.1,32.3,24.3,36.3,35.2,35.2,25.5,33.3,39.4,31.3,35.3,37.5,43.1,34.1,18.6,28.7,32.9,24.8,39.5,54.8,26.3,35,32.9,29.1,40.5,33.1,24.7,38.5,22.7,25.4,28.1,32.2,28.1,42.7,32.8,32.8,34.8,29.9,23.4,32,27.6,38.1,32.2,28.2,38.1,45.4,31,25.5
Meade ,20119,21.3,17.8,14.8,22.2,23.3,20.3,19.6,15.7,23.6,17.2,21.6,24.7,30.2,22.1,19.4,21.8,12.6,21.7,21.5,19.9,18.8,29.8,14.5,13.9,21.7,17.1,24.2,20.5,18.6,25.7,17.8,21.9,16.8,19.3,29.8,20.4,18.6,17,17.4,14,12,17.3,16.4,13.6,18.9,13.1,20,31.6,24.4,14.3,26.1,17.7,21.5,22.1,23.8,34.1,18.6,26.4,13,16,10.9,17.8,8,25.5,21.3,21.3,21,26.7,25,19.2,18.4,24,13.1,18.1,20.6,22.9,14.5,21.8,24.9,29.4,17.6,15.4,15.8,20,19,23.5,19.7,23.8,18.3,19.7,24.5,22.5,20.6,24.3,16.1,25.8,19.1,18.6,19.7,20.6,18.8,20.5,27,25.7,24.7,25.6,21.3,17.5,19.1,18.3,25,23,19.3,19.4,21.1,20.2,20.6,11.2,14.7,19.3,18.7,35.3,23.1,22.1,28.9,26.8,20.1,20.1
Miami ,20121,41,44.5,35.5,26.9,50.4,30.1,41.3,24.6,46.5,43.3,45.5,44.4,34.8,39.7,46,43.7,33.9,30.2,35.2,30.9,36.7,53.8,39.5,27.7,29.8,27.7,37.1,44.6,38.8,38.5,34,33,35.4,52.9,41.3,40,27.7,36.8,29.8,30.9,30.4,43.7,22.4,26.4,38.5,26.2,38.7,48.3,45.2,37,46.7,47.1,42.2,46.2,39.5,47.1,32.8,61,31.4,24.5,35.9,35.1,28.5,38.1,47.7,34,36.7,56.3,32.3,24.4,44,42.9,28.4,45,38.5,46.9,44.1,36.9,32.2,62.5,38.4,34.8,23.9,43.4,31.8,40.7,27.4,49.6,41.9,36.3,44.5,52.7,50.5,39.8,30.9,37.5,41.7,26.4,46.3,54.9,44.9,35,40.6,43.9,48.4,43.4,26.7,37.6,31.3,33.7,47.9,41,32.1,46.3,48.5,47.5,42.6,33.8,27.2,38.5,35.4,47.1,39.2,45.2,35.3,51,38,46.3
Mitchell ,20123,27.2,23.6,32.9,24.6,21.4,23.3,23,18,31.8,31.9,26.2,29.8,23.6,20.7,31.2,29.8,19.4,22.4,23.6,20.7,16.1,35.8,19.8,17.7,27.6,30.1,22.7,19.4,22.3,29.7,16.5,18.9,22,29.2,30.7,27.3,23.1,25.9,21.8,16.8,14.5,27.1,16,18,24,18.6,21.9,32.3,32.4,20.4,33,25.4,32.2,22,27.4,27.6,32.1,44.5,19.9,20.4,19.5,18.8,12.5,32.1,31.2,28,27.3,35.8,28,22.2,20.7,28.8,15.7,29.3,26.2,26.2,20.3,27.9,29.1,42.6,16.2,25.9,18.7,30.9,25.8,28.4,19.5,32.6,34.1,22,26,27.3,29.4,33,15.5,24.9,27.4,21.7,36.9,47.8,22.3,28.5,27.4,22.7,29.5,24.9,19.7,28.8,20.8,26.2,27,27.9,22.9,30.9,33.1,24.6,27.9,31.9,20.8,26.1,24.7,27.7,30.9,23.7,34.1,32.7,25.8,21.6
Montgomery ,20125,41.7,34.5,31.9,29.4,44.3,39.6,35.6,27.9,46.9,38.4,41.7,38.5,34.5,37.5,53.9,34.3,23.9,34,37.9,32.5,30.1,52.8,34.1,23.6,34.2,34.8,36.4,31.5,43.4,39,42.9,31,39.2,48.9,40.5,40.7,38.5,34.6,29.4,35.6,33.1,41.8,26.9,36.6,37.3,27.9,36.5,46.8,44.6,42.6,46.4,43.2,28.6,34.4,43.6,43.7,35.6,42.4,19.7,28.8,29.2,30.6,21.6,42.6,35.1,42.2,34.1,51.3,28.4,20.8,31.9,35.4,22.5,39.8,37.9,37.8,36.5,41.3,36.6,55.9,48.7,38,33.9,48.4,31.5,40.1,25,31.4,36.7,39.6,46.8,56.4,55.4,45.4,35.5,39.5,40.9,33.3,45.8,45.2,43.3,40.1,33,41.9,46.5,47.5,38.8,33,37.5,44.7,43.4,37.4,29.3,53.1,57,51.9,37.9,35.5,33.4,51.8,35.4,46.4,39.5,43.9,43.2,57.4,45.8,38
Morris ,20127,35.1,32.1,41.5,25.9,37.3,31.5,34.5,24.8,46.3,39.7,36.1,31,29.2,29.1,38.1,37.3,27.2,26.2,30.1,26.6,26.1,43.8,31.8,25.3,30.8,25.4,28,27.6,37.1,30.1,28,30.3,30.1,39.1,41.1,35.4,27.6,32.3,31.9,23.5,22.9,35.3,20.1,24.3,34.3,22.4,29.1,44,37.6,30.2,47.6,38.5,32.2,27.7,35.3,35.3,32.3,56.4,23.7,23,23,25.6,19.2,43.1,36.8,36.9,34.8,43.1,36.3,24.1,33.5,39.8,18.7,42.9,32.9,38.6,30.3,37.8,31.6,53,32.7,29.4,24.5,42.9,26.4,33.9,23.6,39.3,32.7,37.1,34.2,46.1,39.5,36.8,19.3,30.2,30,28,40.2,49.3,27,42.7,37.7,37.6,41.8,38.5,26.3,33.1,29.6,30.3,39.5,44,27.4,37.1,35.6,35.8,36.9,29.2,22.6,34.9,29.2,39.4,37.3,34.1,35.6,43.8,29.3,32.4
Morton ,20129,17.6,18.6,10.1,18.7,20.2,16.1,15.9,14.9,17.1,13.5,19.1,17.9,22.5,18,12.7,17.9,12,16.2,14,15.8,17,26,12.4,14.8,20.2,17.7,18.6,17.9,15.2,24.1,12.9,18.2,14,17,24.7,16.7,19.8,12.2,13.8,15,8.7,9.7,10,10,16.8,10.4,16.2,27.8,24.4,13.1,25.2,18.3,23,17.1,20.1,21.3,19.4,16,11.6,14.6,10.2,15.1,8.6,20.7,23.9,18.9,16.2,17.8,15.3,10.9,12.1,21.1,14.7,17.5,11.7,24.8,13.2,19.2,21,17.3,11.9,12.7,15.8,18.3,14.1,22,13.7,16.7,14.9,13.7,19.8,15.8,18.9,18.2,16,21.1,20.6,18.8,15.7,20.2,18.9,15.6,21.6,19.8,20.7,18.6,16.6,18.3,13.3,19.2,25.2,17.8,17.7,12.2,15.3,16.1,14.2,11.2,13.1,14.9,13.6,23.6,15.9,22.4,20.8,16.7,12.7,13.6
Nemaha ,20131,34.1,27.5,40.3,30,33.2,33.7,38.9,25,43.2,42.2,36.3,37.3,29.2,30.4,41.8,41.9,27.9,29.4,25,26.1,26.8,43.1,30,26.3,31,33.1,27,29.3,30.9,28.5,27.9,37.8,30.7,38.8,34.4,35.9,30.7,36.1,29.6,24.8,23.2,34.3,24.5,21.8,32,28.3,25.3,39.3,31,28.4,43.3,34.4,32.3,30.7,32.9,37.4,28.7,51.8,29.3,21.2,33.3,25.6,20.3,36,41.7,40.6,32.1,42.6,35,27.4,34.4,42.5,22.1,37.8,35.8,33.3,33.5,27.2,32.7,55.3,23.3,34.9,24.9,43.6,35.8,35.7,26.8,33.2,39.7,32.9,39.1,39.2,41.8,38,18.6,27.5,32.2,25.5,41.3,51.7,26,38.6,35.2,30.5,42.6,35.2,26.3,43.6,24.4,26.5,29.6,33.3,29.1,42.9,35.4,35.5,34.3,32.4,23.8,32.9,29.2,39.6,36.5,27.8,33.9,47.6,30.4,27.7
Neosho ,20133,42.7,41.4,34.4,30.3,49.1,37.6,40.4,27.4,49.3,42.7,42.7,41.2,38,39,48.8,35,32.8,41.5,41.7,30.7,34.7,54.6,38.5,26.1,34.8,33.7,40.2,37.3,44.9,39.7,44,35.2,39.9,57.2,44.1,41.1,35.1,34.2,29.8,35.7,34.5,49.4,25.2,35.6,38.5,29.5,34.9,52.2,46.5,45.8,49.5,46.4,29.8,38.4,45.1,43.6,30.5,50.3,23.3,28.2,32.2,32.1,24.5,43.6,41.8,42.2,41,56.6,35.2,20.5,38.1,37.3,28.6,44.5,40.3,43,38.8,42.8,36.4,56,49.9,38.2,34.6,49.8,30.4,39.4,23.6,36.8,41.5,42.8,43.4,54.1,53.4,46.4,38,36,46.5,30.1,53.9,50.5,47.1,40.5,34.6,45.4,48.1,41.5,35.5,39,34.3,40.7,43.6,37.9,29,49.1,57.3,60.8,41.1,33.3,34.8,49.1,33.7,48.4,40.1,49.7,42.2,64.4,40.8,50.2
Ness ,20135,22.1,22.8,21.8,24.7,24.8,20.5,24.4,17.8,25,23.5,17.8,23.4,25.5,19,20.3,25.4,13,15.8,22.3,18.9,18.5,30.1,13.5,14.1,22.4,21,19.8,17.1,18.2,29.5,17.7,19,15,24.4,27.1,19.2,22.7,16.8,18,18.6,12.9,17.9,14.3,13.5,19.1,13.9,22.3,26.2,26.3,14.4,31.3,17.7,24.7,18.9,24.2,24.8,24.2,32.6,12.8,16.6,15.5,19.1,11.6,29.3,27.1,23.3,20,27.6,22,19.8,15.5,24.6,12.1,22,18.8,24.3,17.1,24.2,26.7,31.5,13.7,20.2,18.2,20.1,19.8,25.3,18,23.4,19.3,17.4,22.1,20.4,21.3,27.2,14.2,18.2,24.8,18.3,27.8,36.5,18.6,22.8,27.1,25.3,23.5,22.9,22.7,22.6,15.2,16.8,23.7,21.5,23.7,26.1,24,24.9,15.2,16.7,17.3,17.9,24,24.4,24.2,23.1,27.4,23.8,20.3,21.7
Norton ,20137,22.9,24.5,25.7,27.2,25.1,17,18.7,20.5,27.3,27,24.5,28.1,22,15.1,23.5,23.4,12.1,20.9,23.7,17.7,19.7,33.8,15.1,16.1,22.6,28.1,21.1,17.5,18.9,31.4,17.2,18.2,14,22,28.1,20.1,29.4,21,16.9,19,14.1,18.4,14.1,15.8,17.1,15.1,17.5,30.8,26.8,16,29.7,17.6,26.9,22.6,18.5,28.7,22.9,31.9,17.6,24.4,17.3,16.5,13.6,26.7,22.5,21.8,23.2,25.4,24.9,22.6,15.1,34.4,19.4,22.6,21.6,25.8,17.6,22.6,23.3,29.3,16.8,25.1,17.6,25.3,18.1,26.1,16.8,24.6,23.2,22.5,21,23.3,20.7,25.1,17,17.9,21.7,19.9,29.5,33.9,23.6,23.4,31.4,21.9,21.2,23.5,20.5,23.7,11,17.9,21,26.6,23.8,22.3,30.9,28,23.4,27.3,14.2,17.2,21.4,23.6,23.1,23.6,28.3,26.4,16.2,20.7
Osage ,20139,38.2,38.4,33.7,25.6,45.7,30.1,37.9,24,47.1,42.2,39.6,35.6,29.9,32.6,43.8,44.5,31.8,25.4,33,30.6,32.9,49.9,36.1,26.6,30.3,25.5,37,34.3,37.6,33.3,29.3,28.3,34.1,42.6,40.8,33.8,26.2,36.4,31.2,28.5,28.8,40.5,20.5,29.6,35.9,24.2,33.4,48.5,41.4,36.2,47.3,45.2,34.2,36,35.4,39.7,36.2,58.1,23.7,23.5,29.3,27.5,24.8,42.6,41.3,33.8,32.2,49.6,36,22.6,35.2,42.3,21.4,43.2,38.9,43.5,35,34.7,33.1,55.1,33.5,33.7,22.3,46.3,29.8,32.3,27.5,40.4,37.6,39.2,37.9,49.7,42.7,41.3,24.4,32.5,38.3,26.4,44.7,49.1,31.8,36.8,38.6,38.8,47.2,43.5,25,38.1,30.2,32.5,42.5,43.4,29.1,46,42,47,39.8,30.4,22.4,33.5,29.2,41.2,39.1,36.5,32.9,51.9,31.4,44.1
Osborne ,20141,25.8,23.6,30.2,26.9,23.6,20.8,23.8,20.4,31.4,31.3,25.2,24.4,24,18.3,26.7,25.2,14.1,18.6,24.2,17,15.8,34.8,16.6,16.1,26.5,31,20.5,20.2,19.9,28.2,14.8,18.3,18.2,26.8,28.9,24.8,21.9,25.8,21,14.6,15,24.1,16.6,16,20.9,15,23,29.7,27.2,20.1,31,21.3,27.8,21.9,23.4,27.3,31.9,42.6,18.4,19.8,18.3,19.5,15.4,31.2,29.9,25.2,26.2,33.9,29.2,21.4,16.1,27.1,13.4,24.8,22.7,26.3,18.6,25.8,27.3,39.8,16,26,16.5,27.2,23.1,27.2,18.7,29.3,29.8,20.4,22.9,25,28.3,33.3,15.3,22,25.2,20.4,34.9,45.8,23.1,25.9,27.1,21.7,25.5,24.9,20.3,28.2,18,23,26.9,26.8,22.8,30.3,35,22.4,25.7,28.9,16.2,22.1,22.3,25.4,32.7,22.4,33.8,31.8,23.7,24.2
Ottawa ,20143,29.7,22.6,37.8,23.2,22.8,25.8,26.1,19.9,35.5,33.8,30.5,29.5,23.8,24.4,32.1,33.4,22.6,23.7,23.7,21.6,19.8,39.1,20.2,17,28.7,25.7,23.6,20.7,26.3,28.8,19.3,25,26.4,35.3,35.8,29,25.6,22.5,24.4,18.5,16.4,27.6,18,19.3,25.5,21.3,22.3,34.2,34.8,27.4,34.5,32,32.3,22.7,30.3,24.1,26.9,52.4,22,23.2,20.1,23.3,14.8,37.7,31.9,28.1,29.9,33.6,28.4,22.4,25.9,29.3,17.2,36.7,24.8,26.5,27.3,33.1,32,50.3,21.3,27.4,23.3,36.5,25.1,32.7,20.6,34.4,31.4,24.5,30.6,30.6,31.9,33.4,15.9,21.4,29.2,24.1,38.5,50.7,22.2,34.4,32.2,31.7,37.4,30.2,23.7,29.6,20,25,29.4,29.7,28.1,35.8,31.6,31.1,31.9,26.8,20.3,33.5,23.6,30.5,33.9,28.4,34.9,35.6,28.4,24.2
Pawnee ,20145,24.5,23,23.5,23.4,30.4,21.4,23.8,18.4,28.1,22.8,22.1,24.6,28.6,25.1,24.4,25.6,14.6,18.8,23.2,20.4,16.8,35.8,18.3,16.8,25,19.7,25,19.9,23.5,26.8,20.4,21.9,19.2,25.3,29.3,23.1,23.2,19.2,18.9,17,18.1,19.4,14.9,16.6,23.2,15.6,21.5,30.2,28.9,16.4,34.7,22,17.9,20.9,27.2,25.5,24.8,33.1,15.5,18.6,15.2,19.8,12.2,32.1,29.2,24.7,23.2,27.8,24.9,20.1,16.6,29.9,13,22.4,21.2,25.7,20.9,27.2,25.3,38.5,15.5,19,21.5,23.9,20.3,24.6,18.6,28.6,18.9,21.9,23.5,23.9,25.4,28.4,14.2,21.4,24.2,16.4,31.9,35.6,16.4,24.7,32.3,29.1,24.7,24.9,27,24.8,18.6,19.5,27.1,23,27.9,31.2,25.8,25.1,23.1,16.8,18.5,24.8,23.5,28.4,28.7,24.2,30.4,28.1,25.3,25.2
Phillips ,20147,24.3,22.5,29.3,27.5,24.9,18.3,21.1,21.5,29.7,28.7,26,28.6,23.7,14.8,25.1,24.3,14.3,24.4,24,18.4,18.6,35.3,16.4,16.1,24.7,31.9,22.6,18.7,19.2,29.3,17.6,20.2,19.1,22.9,30.2,20.5,26.2,24.5,20.5,18.3,14.8,22,14.8,16.8,18.6,14.3,19.2,32,27.2,17.7,28.6,19.8,27.6,22.8,17.6,29.1,23.2,37,18.9,20.6,18.9,17.4,13,29.5,23.7,22.5,24.9,29.1,27.2,23.3,16.1,34.6,17.5,23.3,24.4,29.3,19.2,22.5,23.8,32.5,15.9,23.8,19.6,24.2,21.6,28.4,18.1,26,24.6,24.2,21.7,24.5,22.4,29.1,17.6,18.9,24.4,20.4,29.7,40,21.1,25.6,31.9,21.2,22.8,24.8,20.7,25.8,13.6,18.5,21.9,26.8,24.5,25.4,33.4,26.7,26.3,28.2,14.2,17.4,20.2,24,25.5,24.7,28.6,27.6,17.6,19.8
Pottawatomie ,20149,34.2,32.6,41.6,28.3,34.6,33.4,34.2,25.3,46.7,44,35.8,35.9,32.3,27,41.6,45.4,32.6,28.1,25.7,25.4,25,45.8,29.8,23.5,31.6,28.3,28.2,29.9,36.5,29.7,30.1,32.6,30.6,38.8,37,31.7,32.4,37.3,27.8,23.5,21,33.3,24.3,20.8,32.4,27.2,24.9,38.5,37.9,29.7,46,38.4,30.9,30.9,32.5,31,28.5,53.5,23.3,23.2,28.4,25.6,21,38.1,39.4,33.6,31.1,41.6,34,21.5,32.8,40.2,20.3,40,38.2,33.9,33.3,30.3,34.8,54.3,27.1,33.6,24.2,42.1,32.8,32.7,27.9,35,39.9,35,37,38.4,44.1,34.5,20.3,31.7,31.7,26.7,39,54.2,28,40.2,33.3,29.3,40.6,36.2,26.5,38.1,24.1,26.6,31.9,35.1,28.1,42.9,35,36.6,33.5,32.2,22.6,32.5,29.3,41.4,38.4,29.8,34.4,48,29.9,27.2
Pratt ,20151,27.7,23.4,23,23,34.9,25.5,20,19,30.7,20.5,26.2,27.3,29.3,27,27.4,25.3,13.8,27,24.3,20.8,17.7,34.1,24,19.5,25.3,21.2,28,21.2,29.9,29.6,21.4,23,20.4,26,32,23.8,20.9,23.5,21.4,16.7,20.8,23.3,16.9,19.4,27.9,17.4,26,33.5,29.7,19.6,35.3,25.5,22.7,26.9,32,34.4,21.9,36,16.8,18.1,13.7,21.8,12.1,38.5,28.3,25.8,23.2,29.2,25,20.7,22.3,28.5,13.2,22.4,24,31,19,26.9,26.6,39.5,23.9,24.8,22.4,27.6,22.2,27.4,20.6,28,24.4,28.8,27.7,32.9,28.5,34.1,18,26.8,22.5,23.5,30.3,33.5,19.8,28.6,33.4,38,25.4,28.6,35.5,19.3,28.1,24.6,30.1,26.8,26.3,34.3,27,23.8,29,18.9,18.1,31.5,25,31.1,27.5,25.4,34.8,28.5,26.9,23.1
Rawlins ,20153,21.1,21.2,19.2,25.3,22,15.4,16.1,23,25.1,18,21.6,24.7,19,15.5,20.2,20.2,12.5,15.8,24,16.9,18.1,32.7,13.4,16.9,22.9,20.2,21.7,16.1,17.7,30.1,19,17.4,15,19.8,25.4,19.3,27.2,15.2,16.4,23.1,11.9,16.5,12.8,16.3,17.3,13.3,14.1,26.3,22.3,14.8,26.1,19.9,26.5,18.8,20.9,23.6,15.5,26.3,14.1,17.6,12.1,13.6,12.5,23.1,21.8,18.4,19.3,21.6,26.2,19.6,14.7,29.6,15.5,16.7,15.9,19,16.5,21.7,19,25.8,17.2,21.1,12.7,24.9,14.8,21.9,18.1,27.4,26.8,19.1,23.9,20.7,16.9,22,18.9,15.5,20.8,22.2,24.5,27.6,21.8,21.1,24.5,18.5,19.9,21.1,17.4,20.4,10.6,16,22.4,22.2,20.6,21.7,24.3,28.5,18.8,22.5,12,18.1,19.9,23.8,19.8,25,23.4,23.7,13,15.2
Reno ,20155,30.1,27.4,28.3,21.4,33,28.3,25.8,21,31.5,27.7,32.2,28.4,28.9,27.4,29.1,28.7,16.5,26.6,26,21.1,19.7,39,26.6,19,29.3,22.9,26.6,22.2,32.9,32,22.2,23.9,26.3,31.7,31.5,29,25.3,24.2,22,19.5,20.2,26.6,17.1,23.5,30.1,23.2,26.7,32.9,34.7,23.2,38.4,30.1,22.1,28.8,37.1,30.7,25.3,42.1,17.1,19.4,15.7,23.2,14.8,41.8,34.8,28.6,28.6,30.3,29.9,23.9,25,31.4,14.4,30.2,27.2,27.3,23.4,28,24.6,42,27.2,27.2,23.3,40.9,22.7,33.9,22.5,30.7,27.9,28.4,27.8,35.1,33.9,34.6,20.4,29.3,24.8,23.4,32.8,35.2,20.7,33.7,28.5,32.7,32.3,30.4,33,25,30.4,29.1,34.2,32.2,24.9,39,35,32.4,32.5,19.5,19.5,39.3,25.5,30.6,35.2,26.4,36.8,34.5,28.4,27.7
Republic ,20157,29.2,21.6,36.3,29.9,23.7,27.4,27,19.2,41.3,36.9,29.1,32.5,23.5,25.9,40.3,32.8,23,24.6,25.2,23.9,20.5,40.3,21,17.4,27.8,30.9,25.5,19.3,23.5,30.8,20.7,25.9,22.8,29.4,28.1,25.4,25.5,27.4,24.9,20.2,14.3,29.2,17,21.9,30.1,22.5,23,39.3,30.5,25.5,37.9,30.9,30.9,25.2,26.5,32.3,32.4,41.9,22.9,24,25.1,20.1,15.9,30.4,34,27.4,28.3,36,29.2,26,22.7,31.2,19.1,31.6,33.3,31.3,25.5,31.6,33,46.3,16.5,26.9,20,38.3,30.6,32.4,23.3,30.1,32.5,29.2,30.8,31.7,35.8,35.4,18,24.1,26.7,21.2,37.1,46.6,24.1,28.2,30.4,24.2,29.2,25.4,19.3,35.5,21.3,31.2,27.5,30.7,28,36.3,35.4,25.7,31.1,28.5,22.8,27,24.4,31.7,30.9,25.9,33.3,38.8,23.7,26.1
Rice ,20159,28.8,27.4,30.7,21.8,30.4,27.3,28.1,21.5,32.9,31.3,33.6,27.3,27.3,24.5,27,31,16.2,21.7,24.8,20.8,21.3,41,23.6,19.1,28.4,24.5,24.8,20,32,29.4,22.9,24.7,26.1,30.4,31.6,29,27.1,20.8,22.4,19.3,17.3,24.3,16.8,20.8,25.7,21.7,26.3,35.5,36.1,22.4,38.2,27.1,22.3,23.5,32.1,25.6,28.6,37.3,16.6,22.1,16.6,20.6,15.5,41.6,33.7,27,28.6,26.8,27.2,20.9,24.6,34.1,17.5,30.4,22.7,26.7,22.4,30.2,26.6,46.4,25.1,27.6,19.9,37.4,24.4,27.4,21.1,34.1,27.2,24.6,26.7,33.5,28.7,33.3,17,26.3,27.6,19.9,33.5,40.2,18.4,31.4,29.6,31.3,31.1,29.3,30.2,27.8,25.9,25.9,28.9,28.3,25.5,41.3,34.1,31.7,29.4,20,20.1,39.2,27.1,28.6,33.1,26.4,35.3,34.4,27.9,26.6
Riley ,20161,33,32,43.1,27,31.5,31.2,31,24.1,46.2,40.7,33.8,32.9,30.4,26.2,38.7,39.8,30.7,26.3,25.2,25.8,23.8,46.1,29.2,22.6,29.8,27.2,26.4,26.3,33.9,30.5,27.2,30.7,29.4,38.1,36.4,32.6,30,32.9,27.5,21.9,19.2,34.2,21.9,22,29.8,27.5,25.2,38.2,38.4,30.8,46.5,40.4,30.7,28.2,33,29.1,30.8,55.4,22.6,24.3,26.2,23.8,19.7,35.1,38.7,32.9,31.1,39.6,33.2,21.7,32,37.2,17.3,37.8,34.1,32.5,32,32,33.2,49.5,25.2,31,24.7,40.7,28.8,34.6,26.1,34.1,36.4,32.3,35.1,36,43.4,32.8,19.3,28.9,31.7,24.9,37.5,52.7,27.2,37.8,32.3,29.4,41.4,33.4,24.9,35.4,23.6,26.2,33.2,34.6,27,41.2,36.1,35.9,32.8,32.8,23.2,33.2,28.8,39,36.4,29.8,34.5,45.8,31.3,27.7
Rooks ,20163,24.2,23.4,28.2,28,26.4,19.4,24,22.8,30.9,29.3,23.6,23.1,24.2,17.8,27.4,25.3,12.6,17.5,23,16.7,17.3,35.4,14.9,15.3,24.9,29.6,19.9,18.9,19.2,29.6,14.5,19.4,14.5,26.7,29.7,24.6,25.9,25.3,21.2,15.8,14.2,23.2,16,16.2,18.9,15,23.3,32.1,25.9,20.8,30,21.3,25.4,21.1,22.7,25.7,25.6,38.2,16.9,20.2,19.6,17.8,14.7,32.5,26.8,24.5,25.5,31.9,26.7,19.9,14.6,30.1,13.1,22.9,21,26.6,18.6,23.2,26.3,35.1,15.4,24.1,17.6,23.7,21.4,27.3,16.5,23.6,25.6,19.5,21.8,23.3,24.8,32.5,15.4,21.6,25.6,19.1,29.2,41.2,22,26.5,27.4,22.3,22.7,26.1,21.6,26.8,16.9,18.9,23.5,25.6,21.6,28.5,35.3,24.2,21,24.2,16,19.9,21.6,21.9,27.4,21.7,32.4,29.3,20,21.8
Rush ,20165,24,22.3,25,26.4,28.3,21.5,26.8,20.9,30.2,28.9,20.7,23.9,26.9,24.2,24.5,27.6,14.9,18.1,22.5,21.7,17.8,35,16.6,16.1,24.6,22.3,23.2,19,21.1,26.3,19.3,20.8,17.2,28.1,29.4,22.5,24,19.8,20.9,17.7,16.4,19.2,14.5,17.8,21.9,15.8,20.5,28.1,27.1,15.5,32.6,20.4,21.7,20.2,25.5,23.8,25,32.1,14.5,19.9,15.9,20.7,12.2,30.1,30.3,28.4,23.6,31.2,24.9,19.9,17.4,25.2,15.4,24.5,18.6,27.9,19.7,26,25.2,36.6,14,20.3,21.7,22.6,22.8,25.1,18.9,28,19.7,18.8,25.3,23.4,23.2,28.1,14.6,19.7,26,17.4,30.8,34.7,18,22.5,29.7,25.8,26.3,24.3,25.3,26.4,16.5,19.3,27.3,23.1,27.3,31.2,30.3,22.7,20.5,20.6,16.1,21.1,24.8,23.1,25.9,22,31.4,32.9,23.3,26.7
Russell ,20167,25.8,22.2,29.1,26.9,27.1,21.2,26.5,22.6,33.5,33.1,27.2,23.6,25.2,21.7,26.2,29.5,13.7,17.7,22.4,19.4,16.9,37.2,17.5,16.4,25.8,25.2,21.8,20.4,23.8,27.8,18.2,21.9,19.9,29.4,31.6,25.8,25.7,21.6,23.2,16.7,15.5,23,15.8,18.3,22.6,15.6,22.4,30.7,27.4,20,30.8,21.3,24.1,21.2,26.4,24.7,29.7,41.8,17.6,21,18.9,19.8,13.4,35,29.9,26.3,27.7,32.7,29.3,19.5,19.3,27.5,16.7,29.9,19.8,31.1,20.3,29.8,27.1,40.2,16,26,20,26.3,23.5,24.7,19.2,29.8,26.9,20,26.4,28,25.7,33.4,13.8,21.1,28.9,20.5,36.5,40.8,22.1,23.5,29.1,23.7,28.3,23.9,24.4,30.1,18.6,21.1,26.6,25.8,21.8,29.9,36.7,20.6,24,24.3,14.9,23.9,24.9,24.1,30.8,22.4,31.4,30.4,24.4,25.5
Saline ,20169,30.6,25.5,36.6,23.1,27,27.7,29.8,22.1,35.8,34.9,33.6,28.4,24.1,25.2,29,32.3,20.1,22.2,23.9,21.2,21.7,41.7,24.2,19.2,30.5,25.9,24.3,20.4,30.3,28.6,22,26.3,26.3,34.3,35.1,30.9,26.8,23.5,24.7,19.9,19,27.7,18.7,23.5,26.9,21.1,24.4,40.8,38.3,25.3,37.2,30.5,30.2,25.8,32.1,25.2,28.3,49.3,21.9,21.7,18,22.9,15.7,40,31.5,30.5,31.9,31.3,32,24.9,26.5,32.1,15.8,37.2,24.7,28.7,27,34.4,32.7,51.1,26.7,27.8,21,39.9,26.6,34.8,22.2,36.5,28.4,26,32.1,35.7,30.7,33.4,17.3,22.9,31.3,24.1,39.4,52.4,21.8,36.6,34.7,33.6,38.1,33.2,26.3,27.9,20.5,27.1,28.2,30.7,26.7,41,31.7,30.9,27.5,24.9,19.5,36.4,28.5,31.9,31,25.9,32.3,37.7,28,26.6
Scott ,20171,19.6,23.3,18.7,22,23.8,18.8,16.5,16.3,20.8,19.8,18.6,20.1,18.8,18.5,17.9,23.4,12.4,12.2,19.6,14.9,16.1,31.2,11.5,12.9,20.2,23.1,17,14.9,13,33.7,15.1,14.1,12.8,17.8,27.3,17,20.6,14.9,16.8,19.2,11,15.8,16.7,12.1,14.5,12.5,16.4,25.1,21.9,11.8,28.3,14.7,23.6,16,18.6,26.2,25.3,29.1,12.7,16.8,10.6,15.1,8.9,25.7,25.9,21,16.8,22.6,17.2,18,15.6,25.4,16.9,18.4,15.9,22.2,15.4,19.3,24.5,24.2,13.7,17.8,14.6,21.1,18.6,20.4,20.3,19.5,19.5,15.8,22,17.8,16.4,21,13.7,20.7,21.3,19.8,22.2,27.1,18,18.8,24.7,22,19.5,18.7,18,18.5,13.1,17.2,22.5,21.6,19.9,19.1,18.7,21.6,17.7,16.9,11.1,18.2,20.2,23.9,16.6,21.8,19.8,18.2,15.3,18.3
Sedgwick ,20173,33.2,27.6,28.8,21.1,34.6,30.5,29.3,22.7,32.8,31.1,36.2,29.6,31.1,29.9,34.1,31.3,19.4,29.9,28.6,23.1,22.2,44.5,29.6,18.8,32.9,22.8,28.5,25.4,37,38.7,24.9,26.4,32.6,39.6,35.1,32.4,28.7,28.7,24.5,21.4,25,31.9,19.3,27.2,34.4,25.1,29.3,36,40.7,26.8,42.6,34.3,24.2,32.6,37.1,36.2,28.5,46.8,17.8,20.9,16,26.3,14.3,41.1,32.9,35.7,36.7,41.8,31.6,25.1,34.9,39.1,13.9,29.9,35,34.1,25.8,31.5,25.2,44.5,32.6,30.4,24.4,38.1,23.1,33.9,22.5,31.4,29.2,33.5,30.2,37.9,33.9,38,20.7,33.1,24,25.8,36.3,37.4,26.4,37.3,31.1,38.3,36,39.6,33.6,26.5,34,33.5,40.2,36.3,27.3,41.6,46,38.3,30.3,24.3,24.3,41,26,40.5,43.6,31.5,33.4,45,29.3,30.7
Seward ,20175,19.8,18.2,12.4,20.8,22.1,19,18.1,15.5,20.6,16.3,20.8,21.9,27.3,20.5,15.2,19.4,11.8,19.2,19.1,17.6,18.5,30.3,12,15.6,22.2,17.5,23.6,20.9,16.6,26.2,14.9,20.8,15.5,17,28.8,19.1,19.6,13.4,16.4,13.4,11.1,14.8,15.9,12.2,18.3,11.8,17.5,28.9,23.3,14.2,26.2,17.1,25.5,20.4,23.6,29.5,18.3,24.3,10.7,16.1,13.1,16.9,7.7,22.1,22.9,19.4,19.1,28.5,22.7,17.5,15.2,23,14.5,18.6,18.9,21.7,14.8,19.8,25,24.9,17.9,16.1,14.4,17.1,15.3,20.4,16.9,20.4,17.1,18.5,21.7,21,18,21.4,18.8,24.2,22.2,18.1,18.6,22.5,20.1,17.2,24.4,21.5,21.4,22.8,19.7,15.3,14.8,18.7,28.5,20.2,19.1,15.6,18.6,19.2,18.1,10.3,13.9,15.1,16.2,39,20.2,22.5,27.2,21.8,16.9,18.5
Shawnee ,20177,36.8,37.4,36,26.1,41.5,31.4,37,24.8,44.9,41.9,38.6,36.4,30.3,30.1,41,45.8,32.5,27,33.1,29.2,30.1,48.9,33,25.7,33.1,29.5,34.4,36,39.2,32.2,31.1,30.8,31.7,42.8,38.2,33.1,30,40.3,30.8,26.1,25.2,36.7,23.3,22.1,31.6,25.3,31.8,43.4,39.6,33.4,47.1,40.9,33.8,33.7,32.1,40.6,36.4,52.3,23.6,23.9,29.7,26.6,25.2,41.2,41.7,32.1,29.9,43.5,32.4,21.8,34.8,40.9,20.5,46.1,40.7,37.1,33.5,30.6,33.9,57,31.4,31.8,22.4,47.5,31.2,33.4,29.9,41,39.6,37,38.3,45.6,41.1,38.4,20.4,32.4,35.3,29.1,41.1,49.9,28.3,38.8,38.8,34.1,43.1,38.2,27.6,41.5,27.9,29.8,42.3,41.4,29.9,40.6,38.5,43.9,37.2,30.7,22.9,31.5,31.1,46.3,42.1,36.4,29.2,46.9,33.6,37.4
Sheridan ,20179,21.5,25,24.1,28,23.7,19.7,17.3,19.7,26.6,20.7,21.7,24.1,20.9,17.3,21.7,23,10,15.6,22.3,16.8,17.8,32.1,12.5,12.6,21.8,24.6,18.8,18.7,16.9,34.2,17.2,17,12.8,21,26.4,19.5,30.1,20.6,17.2,17.7,11.2,16.1,14.6,15,18.4,14,16.5,34,21.4,14.4,27,17.5,31.2,20.3,20.4,27.2,22.8,32.5,14.3,21.6,14.7,16.3,10.2,29.5,23.4,21.9,21.5,26.6,26.5,19.9,14.9,30.6,16.1,16.4,19.3,21,18.4,22.2,21.7,27.3,15.8,25.8,17.7,24.4,17.1,22.8,17.5,23.1,23,17.3,23.3,21.1,17.9,21.5,16.4,17.6,23.4,21.2,28,33.2,21.4,23.5,25.8,21.4,21.7,22.4,18,23.1,12.1,14.3,21.4,24.8,19.7,18.1,26.4,27.5,19.2,23.9,13.8,18.7,20.2,22.3,21.8,27.6,25.1,26.8,14.2,17.4
Sherman ,20181,19,19.2,16,21,20.2,17.3,17.8,19.6,22.4,15.4,24.4,24.6,17.5,13.2,19.8,21.3,12.1,14.8,25,14.8,16.2,31.4,12,15.8,22.7,19,21.3,15.2,18.6,27.6,16.7,16.4,14.3,16.9,24.2,19.2,25.2,12.5,15.7,23.1,10.1,15.1,13.1,13.9,17.9,15,15.4,26.3,23.5,15.2,24.2,16.7,20.8,16.4,18,23.4,13.4,21.7,13,15.2,10.6,11.6,10.4,21,20.8,15.5,16.4,19.4,20.8,16.3,12.2,24.3,13.7,15.4,14.2,18.2,14,17,19.5,22.2,13.6,18.8,10.2,18.4,14.7,22.4,21.7,22.8,23.1,17.6,19.9,19.4,15.4,20.2,18.8,16,19.4,22.6,21.1,24.3,16.3,20.1,19.4,18.3,19,20.6,17.4,17,10.4,15.2,20.6,18.2,18.7,16.2,19.2,23.2,18,20.3,10.1,16.3,18.5,22.2,18.8,25.6,21.2,21.3,14.7,16.2
Smith ,20183,25.6,22.3,30.9,28.7,20.8,21.1,22.2,19.7,32,31.1,24.2,29.4,22.7,16.4,27.3,26.9,16.5,23.6,23.9,19,17,35.5,18.1,17,26.8,32.3,22.3,18.1,18.3,29.3,17.1,20.6,19.4,24.1,28.5,20.6,21.4,23.9,19.4,16.8,12.7,24.9,13.5,16.7,21,15.7,19.8,31.8,28.4,17.4,31.6,22.7,30.3,22.1,21.1,29.1,25.7,40.2,19.7,19.1,20.8,19,15.4,30.6,25.7,25.7,24.5,31.1,28.4,24.3,16.1,32.5,15.2,25.3,24.9,27.4,20.4,26.1,27.4,36.8,15.8,25,17.5,26.9,25.4,28.4,18.7,29.3,28.2,23.5,21.8,25.6,26.5,31,17.3,21.8,26.4,21,32.2,41.4,21.4,25.5,28.6,23.1,25.9,23.2,20,28.2,17.9,20,24.2,26.9,26.1,32.3,34.7,22.2,28.8,31.8,16.2,21.8,23.6,28.3,28.8,24,30.4,30,20.4,25.1
Stafford ,20185,26.8,24.1,25,22.6,33.5,24.2,21.4,19.3,30.7,22.3,26.6,26.7,29.2,27.2,26.8,27.2,14.7,23,23.8,20.4,17,37.1,22.7,19.1,25.4,21,27.5,21.8,29.5,26.2,21.5,22.5,22.9,26.1,30.4,24.4,23.9,20.6,19.2,17.1,19,21.4,15.5,20,27,18.2,25.6,32.3,32.5,19.7,36.5,25.4,19.8,24.5,32.6,28.1,24.2,33.5,16.8,19.7,16.6,22,13.2,39,30.9,25.8,24.8,28.1,26.2,21.8,20.1,30.6,14.7,24.7,22.9,30.1,20.5,25.8,23.5,39.1,20.6,22.3,23.3,29.4,20.9,25,18.4,30.3,23.7,22.7,23.8,29.7,28.5,31.8,15,23.9,26.7,18.3,32,36,17.8,28.5,30,32.8,26.9,27.8,30.3,23.5,25.8,22.6,30.8,26.7,26.5,37.7,30.3,26.2,26.7,17.3,17.1,33.4,25.8,26.4,26.2,23.5,32.5,27.7,29.3,25.9
Stanton ,20187,17.5,18.8,10.1,17.3,20.9,16,15.8,14.4,16.8,15.2,19.2,17.3,21.9,17.3,12.9,15.2,11.9,14.5,13.3,14.7,16.5,24.4,12.7,14.3,19.1,18.1,17.5,16.9,15.5,24.5,14.4,17.3,13.5,17.7,25.1,16.6,21.2,11.6,15.3,16.1,10,11.2,10.3,9.8,16.3,10.2,15,27.7,21.4,11.6,24.7,17.6,22,16.8,18.5,21.1,18.4,17.5,9.8,14.3,10,14.1,7.1,19.8,22.9,18.5,16.6,17.1,14.8,11.9,11.1,22.5,15.1,16.1,12.5,21.2,13.8,17.1,19.1,16.2,10.4,13.3,14.4,17.5,14.7,18.2,14,17.6,15.8,13.3,18.9,16.1,18.4,16.1,14.3,20.8,20.2,18.3,16.6,21.1,18.5,16.2,21.8,21.1,20,18.1,16.5,19.7,12.4,16.5,23.2,17.7,17.3,12.8,15.8,18.5,14,12.3,11.7,14.2,13.3,24.1,17,23,21.5,15.5,11.8,14.4
Stevens ,20189,18.5,18.6,10.8,19.1,21.6,17.5,16.8,15.4,18.3,15.2,20.5,19.5,23.7,18.9,13.8,18.1,13.1,17.1,16.8,16.5,18.5,28.5,11.9,16.4,21.5,17.8,20.9,19,16.5,26,13.7,18.4,14.1,15.9,26.8,17.7,20.8,11.9,14.9,16,10.1,12.1,12.8,11.2,17.5,11,17.5,28,24.1,13.9,27.2,17.3,27.6,18.3,23.4,25.6,20.8,19.8,10,16.3,13,17.1,8.1,21.1,23.4,20.1,18.9,21.2,17.3,15.4,13.7,24.9,14.9,19,15.9,26.1,14.4,19.7,23.7,19.6,14.6,14.4,15.4,16.6,13.6,20,15.2,18,15,15.1,19.5,19.3,18.9,19.1,17,22.9,22.3,19.6,15.9,20.9,20.5,16,22.7,20.4,18.6,19.6,18.3,15.9,13.3,20.5,25.7,19.8,19.4,14.6,15.7,17.2,16.9,11.8,13.3,14.9,14.5,30.3,17.9,26.5,25.2,19.8,15.6,17.7
Sumner ,20191,34,24.7,28.1,22,37,29.4,26.6,22.4,32.7,30.1,33.8,28.9,31.9,33.7,36.5,32.4,15.8,29.1,29,24.7,22.6,45.7,26.8,20,36.9,25.2,35.1,26.4,39.1,39.4,29,27.4,36.5,42.2,35.4,32.6,31.1,29.6,24.5,23.8,28,31.9,19.9,27.3,34.4,21.8,28.4,34,40,25.2,42.6,33.8,24.2,32.5,33.5,36.5,28.6,45.8,20.1,22.2,15.7,29.4,15.1,46.7,33.4,40.1,33.1,40.8,26.3,24.9,36.9,34.8,16.8,30.4,36,36.6,28.2,30.7,24.6,42.1,34.3,27.4,23.9,36.8,26,29,23.5,28.9,31.7,34.2,30.4,37.1,36,39.5,20.7,34.2,24.8,24.1,34.7,37.3,30.1,37.2,31.9,41.4,37.2,41.8,35.8,26.2,35.3,33.9,40.8,33.3,26,46.8,48.7,38.9,30.4,25.8,22.8,37.8,25.8,39.2,38,34.6,35.3,50.7,31.4,29
Thomas ,20193,20.3,22.7,20.1,26,22.5,18.7,16.9,19.8,24.5,17.4,20.8,22.7,18.7,15.9,20.5,22.5,10.4,14.8,23.4,16.1,17.5,31.8,11.1,14.2,22.7,21.9,20.1,17.2,17,31.4,17.8,17,13.3,19.2,24.7,19.9,26.9,16.7,16.7,21.7,11.1,15.4,13.8,15,18.8,13.1,15,29.6,22.1,14.8,24.4,17,26.5,19.3,20.5,25.7,16.7,26.8,13.5,18.5,14.1,15.9,10.1,26.3,21.9,18.4,20,21.2,23.4,18,13,28.9,16.4,14.9,17.4,19.7,16.7,19.7,19,24.9,16,23.9,13.8,21,16.2,23.1,17.3,23.7,25.6,16,22.8,20,16.2,20.9,17.5,17.1,20.8,21,24.7,28.1,20.1,21,22.8,19.8,21.6,20.7,17.1,19.7,12.5,14.5,20.9,21.8,19.1,18,22.2,26.9,18.3,21.6,11.1,18.3,20.4,22.2,18.2,27.4,22.4,25.1,14.4,17
Trego ,20195,22.3,22.9,24.1,27.3,25.3,20.9,23,20,27.8,25.5,19.1,23.5,23.3,19.3,22.1,27.4,12.2,15.4,19.7,19.4,17.8,31.6,14.2,14.2,22.2,25,18.7,19.2,17.2,31,15.5,18.4,13.4,24.1,28.8,19.4,24.5,21,21.5,16.6,12.4,21.2,14.6,12.9,19.8,15.5,20.2,29.4,24.2,14.3,29,20,28.5,19,23.5,25.1,22.4,33.8,14.5,19.1,16.6,18.3,11.8,31.2,26.7,23,22.2,30.6,23,19.8,16.3,28.5,14.2,20.3,18.9,24.5,19.5,23.3,26.1,30.7,15,23.6,17.8,21.1,18.2,24.6,18.1,20.7,22.5,16.8,23.5,20.9,20.8,25.1,15.1,17.2,25.7,19,26.3,36,18.6,25,27.6,25.7,25.9,23.9,22.1,25.4,14,17.9,21.5,22.1,21.3,24.1,25.8,23.7,17.8,19.9,13,17.1,21.6,22.4,22.4,21.8,28.7,24.6,18.2,17.9
Wabaunsee ,20197,35.8,35.3,38.8,26.4,38.5,32.4,34.6,24.8,47.9,43,37.7,34.1,31.8,28.4,39.9,45.9,31.6,27.5,34,30.6,29,49.1,33,26,33.8,28.7,32.3,34.5,40.5,30.9,29.4,30.6,32,42.5,38.3,32.4,30.4,38.2,30.7,24.8,24,36.4,23.6,23.3,32.7,23.7,27.3,41.3,41.6,32.9,50.1,39.7,35.2,29.5,32.9,34.3,32.6,56.4,23.6,23.5,26.7,26.1,22.1,42.7,41.7,32.6,33.9,43.9,32.4,22.2,33.4,39.7,18.9,44.1,38.2,37.5,33.4,32.6,33.5,55.4,31.3,32.5,24.5,45,28.5,31,27.3,38.9,38,36.4,35.6,44.1,42.3,37,19.6,31.5,34.2,27.6,40.6,49.4,28.8,39.6,36.5,33.8,43.3,38.2,26.8,37.3,28.3,28.9,41.4,41.2,29,41.7,37.5,39.1,37.3,30.4,22.6,33.4,30.1,40,39.9,34.4,32.5,47.6,31.6,34.4
Wallace ,20199,18.6,21.9,15.1,20.5,19.7,18.1,16.5,15.2,20.6,17.2,23.6,24.1,18.5,13.3,17.5,22.8,12.1,13.5,20.9,15,17,30.7,12.4,14.8,20.9,18.7,19.1,16.8,17,26.3,12.7,13.2,11.9,16,22.8,17.4,22.5,11.7,15.3,22.4,9.2,12.3,11.8,11.8,18.5,13.4,15.8,23.6,23.1,13.5,21.6,15.5,18.4,17.4,17.5,26.3,14.6,22.1,12.8,15.4,11.7,12,8.6,23,21.3,16.5,16.6,19.2,19.4,12.4,14.9,20.9,15.4,15.8,13.8,23.5,13.5,16.1,20.9,20.6,12.6,16.9,12.9,18.7,17,18.6,20.9,18.9,22.1,15.9,19.6,17.1,16.2,20.2,16.7,17,18.1,20.4,20.7,23.8,16.7,20.8,19,20.7,18,19.9,17.1,15.2,11.6,16.9,23,19.1,19.1,15.7,18.6,21.5,15.2,20.1,8.8,15.8,15.5,24,20.5,25,19.9,21.7,11.4,18.8
Washington ,20201,31.2,24.7,37.9,31.5,26.3,29.3,28.8,22.4,43.7,38.9,30.1,33.6,25.3,27.5,40.4,36.4,24.8,25.5,25.1,26.4,23.3,40.9,23.8,19.7,27.9,30.9,25.7,21.5,28.5,31.2,24.8,28.9,26.4,34,32.6,28.4,27.7,30.2,28.2,20,16.5,31.2,18.4,21.2,30.1,24.3,21.9,34.7,30.7,26.3,40.2,34.7,30.6,26.5,29.6,32.6,37.6,46,25,25.4,28.4,19.5,16.3,30.6,33.9,33.4,31,37.7,30.3,25.8,27.3,32,18.9,32.7,31.8,30.1,28.8,29.5,32.1,47.2,18,29.3,22.9,37.3,31.9,33.1,23.9,32.6,34.9,29.6,33,36.6,42,34,17.9,27.8,31.1,22.2,36.2,50.7,26.2,33.2,31.3,25.8,36.5,27.5,22.5,37.6,20.6,25.6,27.7,33.8,29.4,40.6,32.7,29.5,35.3,29.7,21.9,29.4,24.6,36,30.3,29.3,38,42.7,27.4,25.8
Wichita ,20203,19.1,23.3,16.1,20.3,22.6,18,15.5,15.4,20,19.5,18.5,20.3,19.2,17.8,16.4,21.4,12.2,10.9,19.1,14.3,16.6,29.7,11.9,12.9,18.8,20.3,17.2,15.9,14.3,30.5,14.8,13,12.9,16.3,26.6,16.9,20.1,13,17.3,18,10.4,13.9,14.9,12.3,16.4,13,15.3,24.7,21,13.9,26.3,14,23.1,18.8,16.7,26.6,18.7,26.6,10.4,14.9,10.6,12.6,8.5,22.4,25.2,17.5,17.5,19.9,16.1,14.7,14.4,23.6,14.3,17.2,14.1,21.5,14.2,17.2,21.8,20.3,12.1,16,13.8,18.4,18.7,17.5,21.6,18.1,19,14.5,20.9,16.1,14.6,21.4,14.9,18.4,19.8,18.3,22.4,25.9,18.9,19.3,21.6,24.5,18.8,20.7,17.1,17.7,13.1,17.8,24.4,21.4,20.2,18.6,16.7,20.8,16,18.7,9.2,15.3,18.1,23.1,19.1,23.9,19.6,16.8,15.7,19.6
Wilson ,20205,41,34.6,31.9,29.1,44.2,36.5,39,27.1,49,40.9,43.7,36.6,38.3,37.7,49,36.4,26.2,37,36.7,28.6,30.8,55.8,37.4,23.5,34,31.7,34.3,32.6,44.3,37.1,40.4,31.3,37,51.7,40.5,38.7,34.4,35.5,28.4,34,32.1,44.6,23.5,35.7,36,26.1,36.2,47.5,45.1,41.7,47.5,44.9,28,39.9,40.7,38.2,29.1,50.2,21,25.9,28.4,28,20.8,43.4,37.2,41.7,40.9,56.2,32.5,19.8,33,36,23.1,42.1,39.4,43.7,34.5,40.6,35.6,54.3,48.5,37,33.5,47.3,28,37.5,21.6,34.1,41,38,42.7,54.4,50.9,46.5,31.2,38.7,43,31.5,51.7,47.1,43,37.2,34,42.8,45.9,42.7,35.1,34,33.2,38.5,45.5,36.7,28.4,52.3,58,52.6,37.6,30.4,29.8,47.6,32.1,41.2,42.9,38.7,39,58.6,37.5,46.1
Woodson ,20207,40.4,35.3,32.9,26.6,44.6,33.6,39.4,24.8,50.1,42.1,43.2,35.5,37.9,35.8,44.8,37.5,26.8,33.9,34.7,26.8,33,57.3,38.5,22.9,33,28.6,33.2,32.2,42.3,35.4,36.9,30.4,37.4,51.8,39.4,34.5,31.2,35.5,28.4,32,31.6,44.2,21.2,33.2,37.4,24.4,34.7,51.6,46,39.9,47.1,45.7,30,40,39.6,36,30,55.3,21.7,25.9,25.6,28.9,23.9,41.8,42.1,39.6,40.2,56.4,35,20.9,36.9,36.9,24.1,43.4,40,49.3,35.5,39,37.3,57.8,45.5,37,29,46.3,28.1,42.1,21.9,38.9,44.2,37.8,39.4,54.7,44.9,47.3,31,38.7,43,29.5,51.4,44.5,39.5,34,32.8,43,50.3,43.9,30.5,38.9,32,35.1,45.3,40.3,26.8,47,53.2,52.8,40.2,29.3,26.9,41.4,35.3,41.2,46.2,37.4,41.6,55.5,33.6,47.6
Wyandotte ,20209,39.3,41.7,36.9,27.2,49.9,30.6,40.8,22,39.1,40.3,43.5,41,30.8,36,42.8,41.2,34.8,28.9,31.1,29.6,36.9,45.9,35.9,26.9,31.5,29.3,34,39.5,37.6,33,32.7,31.2,32,39,35,38.3,27.2,39,29.6,29.5,27.5,40.7,22.1,24.3,34.2,31.2,37.5,45.2,43.7,31.3,46,37.9,34.4,46,33.1,43.4,30.6,50.3,31,20.9,31.6,30.9,26.4,36.6,44.7,33.5,32.7,57.3,34.2,23.2,37.8,43.1,26.6,48.9,35.8,44.1,35.9,30.1,31.7,57,34.7,30.7,23.1,49.4,30.4,36.1,31.1,40.6,42.1,34.9,38.5,48.3,45.2,35.3,24.4,35.9,40,28.7,43.6,55.6,32.3,35.9,42.3,34.6,51,40.1,35.2,48.4,29.1,32.6,44.9,42.2,31,41.4,45.7,46.1,41.1,35.8,23.3,33.9,36.3,44.1,40.7,44.6,32.7,49.6,33.8,38.9
